Watching for file changes with StatReloader
C:\Users\BIG BROTHER\Desktop\Projects\Personal Projects\School_OS\School_OS\backend\apps\authentication\views.py changed, reloading.
Watching for file changes with StatReloader
C:\Users\BIG BROTHER\Desktop\Projects\Personal Projects\School_OS\School_OS\backend\config\settings.py changed, reloading.
Watching for file changes with StatReloader
C:\Users\BIG BROTHER\Desktop\Projects\Personal Projects\School_OS\School_OS\backend\apps\academic\models.py changed, reloading.
Watching for file changes with StatReloader
C:\Users\BIG BROTHER\Desktop\Projects\Personal Projects\School_OS\School_OS\backend\apps\academic\serializers.py changed, reloading.
Watching for file changes with StatReloader
C:\Users\BIG BROTHER\Desktop\Projects\Personal Projects\School_OS\School_OS\backend\apps\academic\views.py changed, reloading.
Watching for file changes with StatReloader
C:\Users\BIG BROTHER\Desktop\Projects\Personal Projects\School_OS\School_OS\backend\apps\finance\views.py changed, reloading.
Watching for file changes with StatReloader
C:\Users\BIG BROTHER\Desktop\Projects\Personal Projects\School_OS\School_OS\backend\apps\finance\views.py changed, reloading.
Watching for file changes with StatReloader
Bad Request: /api/v1/auth/confirm-kill-login/
[29/Jul/2026 18:26:50] "POST /api/v1/auth/confirm-kill-login/ HTTP/1.1" 400 44
Internal Server Error: /api/v1/academic/terms/
Traceback (most recent call last):
  File "C:\Users\BIG BROTHER\AppData\Local\Python\pythoncore-3.14-64\Lib\site-packages\django\db\models\fields\__init__.py", line 2766, in to_python
    return uuid.UUID(**{input_form: value})
           ~~~~~~~~~^^^^^^^^^^^^^^^^^^^^^^^
  File "C:\Users\BIG BROTHER\AppData\Local\Python\pythoncore-3.14-64\Lib\uuid.py", line 219, in __init__
    raise ValueError('badly formed hexadecimal UUID string')
ValueError: badly formed hexadecimal UUID string

During handling of the above exception, another exception occurred:

Traceback (most recent call last):
  File "C:\Users\BIG BROTHER\AppData\Local\Python\pythoncore-3.14-64\Lib\site-packages\django\core\handlers\exception.py", line 55, in inner
    response = get_response(request)
  File "C:\Users\BIG BROTHER\Desktop\Projects\Personal Projects\School_OS\School_OS\backend\apps\tenants\middleware.py", line 54, in __call__
    tenant = Tenant.objects.get(id=tenant_id, status='active')
  File "C:\Users\BIG BROTHER\AppData\Local\Python\pythoncore-3.14-64\Lib\site-packages\django\db\models\manager.py", line 87, in manager_method
    return getattr(self.get_queryset(), name)(*args, **kwargs)
           ~~~~~~~~~~~~~~~~~~~~~~~~~~~~~~~~~~^^^^^^^^^^^^^^^^^
  File "C:\Users\BIG BROTHER\AppData\Local\Python\pythoncore-3.14-64\Lib\site-packages\django\db\models\query.py", line 621, in get
    clone = self._chain() if self.query.combinator else self.filter(*args, **kwargs)
                                                        ~~~~~~~~~~~^^^^^^^^^^^^^^^^^
  File "C:\Users\BIG BROTHER\AppData\Local\Python\pythoncore-3.14-64\Lib\site-packages\django\db\models\query.py", line 1495, in filter
    return self._filter_or_exclude(False, args, kwargs)
           ~~~~~~~~~~~~~~~~~~~~~~~^^^^^^^^^^^^^^^^^^^^^
  File "C:\Users\BIG BROTHER\AppData\Local\Python\pythoncore-3.14-64\Lib\site-packages\django\db\models\query.py", line 1513, in _filter_or_exclude
    clone._filter_or_exclude_inplace(negate, args, kwargs)
    ~~~~~~~~~~~~~~~~~~~~~~~~~~~~~~~~^^^^^^^^^^^^^^^^^^^^^^
  File "C:\Users\BIG BROTHER\AppData\Local\Python\pythoncore-3.14-64\Lib\site-packages\django\db\models\query.py", line 1523, in _filter_or_exclude_inplace
    self._query.add_q(Q(*args, **kwargs))
    ~~~~~~~~~~~~~~~~~^^^^^^^^^^^^^^^^^^^^
  File "C:\Users\BIG BROTHER\AppData\Local\Python\pythoncore-3.14-64\Lib\site-packages\django\db\models\sql\query.py", line 1648, in add_q
    clause, _ = self._add_q(q_object, can_reuse)
                ~~~~~~~~~~~^^^^^^^^^^^^^^^^^^^^^
  File "C:\Users\BIG BROTHER\AppData\Local\Python\pythoncore-3.14-64\Lib\site-packages\django\db\models\sql\query.py", line 1680, in _add_q
    child_clause, needed_inner = self.build_filter(
                                 ~~~~~~~~~~~~~~~~~^
        child,
        ^^^^^^
    ...<7 lines>...
        update_join_types=update_join_types,
        ^^^^^^^^^^^^^^^^^^^^^^^^^^^^^^^^^^^^
    )
    ^
  File "C:\Users\BIG BROTHER\AppData\Local\Python\pythoncore-3.14-64\Lib\site-packages\django\db\models\sql\query.py", line 1590, in build_filter
    condition = self.build_lookup(lookups, col, value)
  File "C:\Users\BIG BROTHER\AppData\Local\Python\pythoncore-3.14-64\Lib\site-packages\django\db\models\sql\query.py", line 1417, in build_lookup
    lookup = lookup_class(lhs, rhs)
  File "C:\Users\BIG BROTHER\AppData\Local\Python\pythoncore-3.14-64\Lib\site-packages\django\db\models\lookups.py", line 38, in __init__
    self.rhs = self.get_prep_lookup()
               ~~~~~~~~~~~~~~~~~~~~^^
  File "C:\Users\BIG BROTHER\AppData\Local\Python\pythoncore-3.14-64\Lib\site-packages\django\db\models\lookups.py", line 410, in get_prep_lookup
    return super().get_prep_lookup()
           ~~~~~~~~~~~~~~~~~~~~~~~^^
  File "C:\Users\BIG BROTHER\AppData\Local\Python\pythoncore-3.14-64\Lib\site-packages\django\db\models\lookups.py", line 96, in get_prep_lookup
    return self.lhs.output_field.get_prep_value(self.rhs)
           ~~~~~~~~~~~~~~~~~~~~~~~~~~~~~~~~~~~~^^^^^^^^^^
  File "C:\Users\BIG BROTHER\AppData\Local\Python\pythoncore-3.14-64\Lib\site-packages\django\db\models\fields\__init__.py", line 2750, in get_prep_value
    return self.to_python(value)
           ~~~~~~~~~~~~~~^^^^^^^
  File "C:\Users\BIG BROTHER\AppData\Local\Python\pythoncore-3.14-64\Lib\site-packages\django\db\models\fields\__init__.py", line 2768, in to_python
    raise exceptions.ValidationError(
    ...<3 lines>...
    )
django.core.exceptions.ValidationError: ['“1” is not a valid UUID.']
[29/Jul/2026 18:26:50] "GET /api/v1/academic/terms/ HTTP/1.1" 500 146862
[29/Jul/2026 18:48:59] "GET /api/v1/notifications/messages/?ordering=-created_at&limit=10 HTTP/1.1" 200 52
[29/Jul/2026 18:48:59] "GET /api/v1/academic/terms/ HTTP/1.1" 200 1090
[29/Jul/2026 18:48:59] "GET /api/v1/assessments/mark-windows/ HTTP/1.1" 200 854
[29/Jul/2026 18:48:59] "GET /api/v1/academic/academic-years/ HTTP/1.1" 200 1243
[29/Jul/2026 18:48:59] "GET /api/v1/academic/classes/ HTTP/1.1" 200 1221
[29/Jul/2026 18:48:59] "GET /api/v1/notifications/announcements/?published=true&ordering=-created_at&limit=10 HTTP/1.1" 200 7531
[29/Jul/2026 18:49:00] "GET /api/v1/auth/me/ HTTP/1.1" 200 496
[29/Jul/2026 18:49:00] "GET /api/v1/academic/terms/ HTTP/1.1" 200 1090
[29/Jul/2026 18:49:00] "GET /api/v1/academic/academic-years/ HTTP/1.1" 200 1243
[29/Jul/2026 18:49:00] "GET /api/v1/assessments/mark-windows/ HTTP/1.1" 200 854
[29/Jul/2026 18:49:00] "GET /api/v1/notifications/announcements/?published=true&ordering=-created_at&limit=10 HTTP/1.1" 200 7531
[29/Jul/2026 18:49:00] "GET /api/v1/academic/classes/ HTTP/1.1" 200 1221
[29/Jul/2026 18:49:00] "GET /api/v1/notifications/messages/?ordering=-created_at&limit=10 HTTP/1.1" 200 52
[29/Jul/2026 18:49:00] "GET /api/v1/notifications/messages/?ordering=-created_at&limit=10 HTTP/1.1" 200 52
[29/Jul/2026 18:49:00] "GET /api/v1/notifications/announcements/?published=true&ordering=-created_at&limit=10 HTTP/1.1" 200 7531
[29/Jul/2026 18:49:00] "GET /api/v1/academic/classes/ HTTP/1.1" 200 1221
[29/Jul/2026 18:49:00] "GET /api/v1/notifications/messages/?ordering=-created_at&limit=10 HTTP/1.1" 200 52
[29/Jul/2026 18:49:00] "GET /api/v1/students/students/ HTTP/1.1" 200 1573
[29/Jul/2026 18:49:00] "OPTIONS /api/v1/academic/report-cards/ HTTP/1.1" 200 0
[29/Jul/2026 18:49:00] "OPTIONS /api/v1/staff/teachers/ HTTP/1.1" 200 0
[29/Jul/2026 18:49:00] "OPTIONS /api/v1/staff/teachers/ HTTP/1.1" 200 0
[29/Jul/2026 18:49:00] "OPTIONS /api/v1/finance/summary/ HTTP/1.1" 200 0
[29/Jul/2026 18:49:01] "OPTIONS /api/v1/finance/summary/ HTTP/1.1" 200 0
[29/Jul/2026 18:49:01] "OPTIONS /api/v1/attendance/sessions/dashboard-stats/ HTTP/1.1" 200 0
[29/Jul/2026 18:49:01] "GET /api/v1/notifications/announcements/?published=true&ordering=-created_at&limit=10 HTTP/1.1" 200 7531
[29/Jul/2026 18:49:01] "OPTIONS /api/v1/audit/logs/ HTTP/1.1" 200 0
[29/Jul/2026 18:49:01] "OPTIONS /api/v1/attendance/sessions/dashboard-stats/ HTTP/1.1" 200 0
[29/Jul/2026 18:49:01] "OPTIONS /api/v1/academic/report-cards/ HTTP/1.1" 200 0
[29/Jul/2026 18:49:01] "OPTIONS /api/v1/audit/logs/ HTTP/1.1" 200 0
[29/Jul/2026 18:49:01] "GET /api/v1/students/students/ HTTP/1.1" 200 1573
[29/Jul/2026 18:49:01] "GET /api/v1/academic/classes/ HTTP/1.1" 200 1221
Not Found: /api/v1/academic/report-cards/
Unauthorized: /api/v1/finance/summary/
[29/Jul/2026 18:49:01] "GET /api/v1/academic/report-cards/ HTTP/1.1" 404 29021
[29/Jul/2026 18:49:01] "GET /api/v1/finance/summary/ HTTP/1.1" 401 98
[29/Jul/2026 18:49:01] "OPTIONS /api/v1/auth/refresh/ HTTP/1.1" 200 0
C:\Users\BIG BROTHER\AppData\Local\Python\pythoncore-3.14-64\Lib\site-packages\rest_framework\pagination.py:207: UnorderedObjectListWarning: Pagination may yield inconsistent results with an unordered object_list: <class 'apps.staff.models.Teacher'> QuerySet.
  paginator = self.django_paginator_class(queryset, page_size)
[29/Jul/2026 18:49:01] "GET /api/v1/audit/logs/ HTTP/1.1" 200 13029
[29/Jul/2026 18:49:01] "GET /api/v1/attendance/sessions/dashboard-stats/ HTTP/1.1" 200 93
Not Found: /api/v1/academic/report-cards/
[29/Jul/2026 18:49:01] "GET /api/v1/academic/report-cards/ HTTP/1.1" 404 29021
Unauthorized: /api/v1/finance/summary/
[29/Jul/2026 18:49:01] "GET /api/v1/finance/summary/ HTTP/1.1" 401 98
[29/Jul/2026 18:49:01] "POST /api/v1/auth/refresh/ HTTP/1.1" 200 526
[29/Jul/2026 18:49:01] "GET /api/v1/staff/teachers/ HTTP/1.1" 200 2905
[29/Jul/2026 18:49:01] "GET /api/v1/audit/logs/ HTTP/1.1" 200 13029
[29/Jul/2026 18:49:01] "GET /api/v1/attendance/sessions/dashboard-stats/ HTTP/1.1" 200 93
[29/Jul/2026 18:49:01] "GET /api/v1/staff/teachers/ HTTP/1.1" 200 2905
[29/Jul/2026 18:49:01] "POST /api/v1/auth/refresh/ HTTP/1.1" 200 526
[29/Jul/2026 18:49:01] "GET /api/v1/finance/summary/ HTTP/1.1" 200 175
[29/Jul/2026 18:49:01] "GET /api/v1/finance/summary/ HTTP/1.1" 200 175
[29/Jul/2026 18:50:47] "GET /api/v1/notifications/messages/?ordering=-created_at&limit=10 HTTP/1.1" 200 52
[29/Jul/2026 18:50:47] "GET /api/v1/notifications/announcements/?published=true&ordering=-created_at&limit=10 HTTP/1.1" 200 7531
Not Found: /api/v1/academic/report-cards/
[29/Jul/2026 18:55:30] "GET /api/v1/notifications/messages/?ordering=-created_at&limit=10 HTTP/1.1" 200 52
[29/Jul/2026 18:55:30] "GET /api/v1/academic/report-cards/ HTTP/1.1" 404 29021
[29/Jul/2026 18:55:30] "GET /api/v1/finance/summary/ HTTP/1.1" 200 175
[29/Jul/2026 18:55:30] "GET /api/v1/students/students/ HTTP/1.1" 200 1573
[29/Jul/2026 18:55:30] "GET /api/v1/staff/teachers/ HTTP/1.1" 200 2905
[29/Jul/2026 18:55:30] "GET /api/v1/notifications/announcements/?published=true&ordering=-created_at&limit=10 HTTP/1.1" 200 7531
[29/Jul/2026 18:55:30] "GET /api/v1/academic/classes/ HTTP/1.1" 200 1221
[29/Jul/2026 18:55:30] "GET /api/v1/auth/me/ HTTP/1.1" 200 496
Not Found: /api/v1/academic/report-cards/
[29/Jul/2026 18:55:30] "GET /api/v1/notifications/messages/?ordering=-created_at&limit=10 HTTP/1.1" 200 52
[29/Jul/2026 18:55:30] "GET /api/v1/attendance/sessions/dashboard-stats/ HTTP/1.1" 200 93
[29/Jul/2026 18:55:30] "GET /api/v1/academic/report-cards/ HTTP/1.1" 404 29021
[29/Jul/2026 18:55:30] "GET /api/v1/audit/logs/ HTTP/1.1" 200 13029
[29/Jul/2026 18:55:30] "GET /api/v1/finance/summary/ HTTP/1.1" 200 175
[29/Jul/2026 18:55:30] "GET /api/v1/students/students/ HTTP/1.1" 200 1573
[29/Jul/2026 18:55:31] "GET /api/v1/auth/me/ HTTP/1.1" 200 496
[29/Jul/2026 18:55:31] "GET /api/v1/audit/logs/ HTTP/1.1" 200 13029
[29/Jul/2026 18:55:31] "GET /api/v1/staff/teachers/ HTTP/1.1" 200 2905
[29/Jul/2026 18:55:31] "GET /api/v1/attendance/sessions/dashboard-stats/ HTTP/1.1" 200 93
[29/Jul/2026 18:55:31] "GET /api/v1/notifications/announcements/?published=true&ordering=-created_at&limit=10 HTTP/1.1" 200 7531
[29/Jul/2026 18:55:31] "GET /api/v1/academic/classes/ HTTP/1.1" 200 1221
Not Found: /api/v1/academic/report-cards/
[29/Jul/2026 18:55:55] "GET /api/v1/notifications/messages/?ordering=-created_at&limit=10 HTTP/1.1" 200 52
[29/Jul/2026 18:55:55] "GET /api/v1/academic/report-cards/ HTTP/1.1" 404 29021
[29/Jul/2026 18:55:55] "GET /api/v1/finance/summary/ HTTP/1.1" 200 175
[29/Jul/2026 18:55:55] "GET /api/v1/students/students/ HTTP/1.1" 200 1573
[29/Jul/2026 18:55:55] "GET /api/v1/notifications/announcements/?published=true&ordering=-created_at&limit=10 HTTP/1.1" 200 7531
[29/Jul/2026 18:55:55] "GET /api/v1/academic/classes/ HTTP/1.1" 200 1221
[29/Jul/2026 18:55:55] "GET /api/v1/attendance/sessions/dashboard-stats/ HTTP/1.1" 200 93
[29/Jul/2026 18:55:55] "GET /api/v1/auth/me/ HTTP/1.1" 200 496
[29/Jul/2026 18:55:55] "GET /api/v1/audit/logs/ HTTP/1.1" 200 13029
Not Found: /api/v1/academic/report-cards/
[29/Jul/2026 18:55:55] "GET /api/v1/academic/report-cards/ HTTP/1.1" 404 29021
[29/Jul/2026 18:55:55] "GET /api/v1/notifications/messages/?ordering=-created_at&limit=10 HTTP/1.1" 200 52
[29/Jul/2026 18:55:55] "GET /api/v1/staff/teachers/ HTTP/1.1" 200 2905
[29/Jul/2026 18:55:55] "GET /api/v1/finance/summary/ HTTP/1.1" 200 175
[29/Jul/2026 18:55:55] "GET /api/v1/students/students/ HTTP/1.1" 200 1573
[29/Jul/2026 18:55:55] "GET /api/v1/audit/logs/ HTTP/1.1" 200 13029
[29/Jul/2026 18:55:55] "GET /api/v1/attendance/sessions/dashboard-stats/ HTTP/1.1" 200 93
[29/Jul/2026 18:55:55] "GET /api/v1/auth/me/ HTTP/1.1" 200 496
[29/Jul/2026 18:55:55] "GET /api/v1/academic/classes/ HTTP/1.1" 200 1221
[29/Jul/2026 18:55:56] "GET /api/v1/staff/teachers/ HTTP/1.1" 200 2905
[29/Jul/2026 18:55:56] "GET /api/v1/notifications/announcements/?published=true&ordering=-created_at&limit=10 HTTP/1.1" 200 7531
Not Found: /api/v1/academic/report-cards/
[29/Jul/2026 19:24:51] "GET /api/v1/notifications/messages/?ordering=-created_at&limit=10 HTTP/1.1" 200 52
[29/Jul/2026 19:24:51] "GET /api/v1/academic/report-cards/ HTTP/1.1" 404 29021
[29/Jul/2026 19:24:51] "GET /api/v1/students/students/ HTTP/1.1" 200 1573
[29/Jul/2026 19:24:51] "GET /api/v1/notifications/announcements/?published=true&ordering=-created_at&limit=10 HTTP/1.1" 200 7531
[29/Jul/2026 19:24:51] "GET /api/v1/academic/classes/ HTTP/1.1" 200 1221
[29/Jul/2026 19:24:51] "GET /api/v1/staff/teachers/ HTTP/1.1" 200 2905
Unauthorized: /api/v1/finance/summary/
[29/Jul/2026 19:24:51] "GET /api/v1/finance/summary/ HTTP/1.1" 401 98
[29/Jul/2026 19:24:51] "GET /api/v1/attendance/sessions/dashboard-stats/ HTTP/1.1" 200 93
[29/Jul/2026 19:24:51] "GET /api/v1/audit/logs/ HTTP/1.1" 200 13029
Not Found: /api/v1/academic/report-cards/
[29/Jul/2026 19:24:51] "GET /api/v1/auth/me/ HTTP/1.1" 200 496
[29/Jul/2026 19:24:51] "GET /api/v1/academic/report-cards/ HTTP/1.1" 404 29021
[29/Jul/2026 19:24:51] "GET /api/v1/notifications/messages/?ordering=-created_at&limit=10 HTTP/1.1" 200 52
[29/Jul/2026 19:24:51] "GET /api/v1/students/students/ HTTP/1.1" 200 1573
[29/Jul/2026 19:24:51] "GET /api/v1/notifications/announcements/?published=true&ordering=-created_at&limit=10 HTTP/1.1" 200 7531
[29/Jul/2026 19:24:51] "POST /api/v1/auth/refresh/ HTTP/1.1" 200 526
[29/Jul/2026 19:24:51] "GET /api/v1/staff/teachers/ HTTP/1.1" 200 2905
[29/Jul/2026 19:24:51] "GET /api/v1/academic/classes/ HTTP/1.1" 200 1221
[29/Jul/2026 19:24:51] "GET /api/v1/attendance/sessions/dashboard-stats/ HTTP/1.1" 200 93
Unauthorized: /api/v1/finance/summary/
[29/Jul/2026 19:24:51] "GET /api/v1/finance/summary/ HTTP/1.1" 401 98
[29/Jul/2026 19:24:51] "GET /api/v1/auth/me/ HTTP/1.1" 200 496
[29/Jul/2026 19:24:51] "GET /api/v1/audit/logs/ HTTP/1.1" 200 13029
[29/Jul/2026 19:24:51] "POST /api/v1/auth/refresh/ HTTP/1.1" 200 526
[29/Jul/2026 19:24:51] "GET /api/v1/finance/summary/ HTTP/1.1" 200 175
[29/Jul/2026 19:24:51] "GET /api/v1/finance/summary/ HTTP/1.1" 200 175
Not Found: /api/v1/academic/report-cards/
[29/Jul/2026 19:25:25] "GET /api/v1/academic/report-cards/ HTTP/1.1" 404 29021
[29/Jul/2026 19:25:25] "GET /api/v1/notifications/messages/?ordering=-created_at&limit=10 HTTP/1.1" 200 52
[29/Jul/2026 19:25:26] "GET /api/v1/students/students/ HTTP/1.1" 200 1573
[29/Jul/2026 19:25:26] "GET /api/v1/notifications/announcements/?published=true&ordering=-created_at&limit=10 HTTP/1.1" 200 7531
[29/Jul/2026 19:25:26] "GET /api/v1/staff/teachers/ HTTP/1.1" 200 2905
[29/Jul/2026 19:25:26] "GET /api/v1/academic/classes/ HTTP/1.1" 200 1221
[29/Jul/2026 19:25:26] "GET /api/v1/attendance/sessions/dashboard-stats/ HTTP/1.1" 200 93
[29/Jul/2026 19:25:26] "GET /api/v1/finance/summary/ HTTP/1.1" 200 175
[29/Jul/2026 19:25:26] "GET /api/v1/audit/logs/ HTTP/1.1" 200 13029
[29/Jul/2026 19:25:26] "GET /api/v1/auth/me/ HTTP/1.1" 200 496
Not Found: /api/v1/academic/report-cards/
[29/Jul/2026 19:25:26] "GET /api/v1/academic/report-cards/ HTTP/1.1" 404 29021
[29/Jul/2026 19:25:26] "GET /api/v1/notifications/messages/?ordering=-created_at&limit=10 HTTP/1.1" 200 52
[29/Jul/2026 19:25:26] "GET /api/v1/students/students/ HTTP/1.1" 200 1573
[29/Jul/2026 19:25:26] "GET /api/v1/notifications/announcements/?published=true&ordering=-created_at&limit=10 HTTP/1.1" 200 7531
[29/Jul/2026 19:25:26] "GET /api/v1/attendance/sessions/dashboard-stats/ HTTP/1.1" 200 93
[29/Jul/2026 19:25:26] "GET /api/v1/finance/summary/ HTTP/1.1" 200 175
[29/Jul/2026 19:25:26] "GET /api/v1/staff/teachers/ HTTP/1.1" 200 2905
[29/Jul/2026 19:25:26] "GET /api/v1/audit/logs/ HTTP/1.1" 200 13029
[29/Jul/2026 19:25:26] "GET /api/v1/academic/classes/ HTTP/1.1" 200 1221
[29/Jul/2026 19:25:26] "GET /api/v1/auth/me/ HTTP/1.1" 200 496
[29/Jul/2026 19:25:37] "OPTIONS /api/v1/auth/login/ HTTP/1.1" 200 0
Conflict: /api/v1/auth/login/
[29/Jul/2026 19:25:39] "POST /api/v1/auth/login/ HTTP/1.1" 409 754
[29/Jul/2026 19:25:59] "OPTIONS /api/v1/auth/login/confirm-kill/ HTTP/1.1" 200 0
[29/Jul/2026 19:25:59] "POST /api/v1/auth/login/confirm-kill/ HTTP/1.1" 200 2026
[29/Jul/2026 19:25:59] "OPTIONS /api/v1/timetable/time-slots/ HTTP/1.1" 200 0
[29/Jul/2026 19:25:59] "OPTIONS /api/v1/reports/analytics/metadata/ HTTP/1.1" 200 0
[29/Jul/2026 19:25:59] "OPTIONS /api/v1/notifications/announcements/?audience=teachers&limit=5 HTTP/1.1" 200 0
[29/Jul/2026 19:25:59] "OPTIONS /api/v1/assessments/mark-windows/?is_open=true HTTP/1.1" 200 0
[29/Jul/2026 19:25:59] "OPTIONS /api/v1/notifications/announcements/?audience=teachers&limit=5 HTTP/1.1" 200 0
[29/Jul/2026 19:25:59] "OPTIONS /api/v1/assessments/mark-windows/?is_open=true HTTP/1.1" 200 0
[29/Jul/2026 19:25:59] "OPTIONS /api/v1/staff/assignments/my_assignments/ HTTP/1.1" 200 0
[29/Jul/2026 19:25:59] "OPTIONS /api/v1/staff/assignments/my_assignments/ HTTP/1.1" 200 0
[29/Jul/2026 19:25:59] "GET /api/v1/notifications/messages/?ordering=-created_at&limit=10 HTTP/1.1" 200 52
[29/Jul/2026 19:25:59] "GET /api/v1/reports/analytics/metadata/ HTTP/1.1" 200 1161
[29/Jul/2026 19:25:59] "OPTIONS /api/v1/reports/analytics/teacher-summary/?term_id=7 HTTP/1.1" 200 0
[29/Jul/2026 19:25:59] "GET /api/v1/assessments/mark-windows/?is_open=true HTTP/1.1" 200 318
[29/Jul/2026 19:25:59] "GET /api/v1/notifications/announcements/?published=true&ordering=-created_at&limit=10 HTTP/1.1" 200 7531
[29/Jul/2026 19:25:59] "GET /api/v1/notifications/announcements/?audience=teachers&limit=5 HTTP/1.1" 200 7531
[29/Jul/2026 19:25:59] "GET /api/v1/staff/assignments/my_assignments/ HTTP/1.1" 200 298
[29/Jul/2026 19:25:59] "OPTIONS /api/v1/logbook/modules/?subject=3 HTTP/1.1" 200 0
[29/Jul/2026 19:25:59] "GET /api/v1/notifications/messages/?ordering=-created_at&limit=10 HTTP/1.1" 200 52
[29/Jul/2026 19:25:59] "GET /api/v1/reports/analytics/metadata/ HTTP/1.1" 200 1161
[29/Jul/2026 19:25:59] "GET /api/v1/assessments/mark-windows/?is_open=true HTTP/1.1" 200 318
[29/Jul/2026 19:25:59] "GET /api/v1/reports/analytics/teacher-summary/?term_id=7 HTTP/1.1" 200 506
[29/Jul/2026 19:25:59] "GET /api/v1/notifications/announcements/?published=true&ordering=-created_at&limit=10 HTTP/1.1" 200 7531
[29/Jul/2026 19:25:59] "GET /api/v1/notifications/announcements/?audience=teachers&limit=5 HTTP/1.1" 200 7531
[29/Jul/2026 19:25:59] "GET /api/v1/staff/assignments/my_assignments/ HTTP/1.1" 200 298
[29/Jul/2026 19:25:59] "GET /api/v1/timetable/time-slots/ HTTP/1.1" 200 25095
[29/Jul/2026 19:25:59] "GET /api/v1/logbook/modules/?subject=3 HTTP/1.1" 200 550
[29/Jul/2026 19:26:00] "GET /api/v1/timetable/time-slots/ HTTP/1.1" 200 25095
[29/Jul/2026 19:26:00] "GET /api/v1/timetable/time-slots/ HTTP/1.1" 200 25095
[29/Jul/2026 19:26:00] "GET /api/v1/timetable/time-slots/ HTTP/1.1" 200 25095
[29/Jul/2026 19:26:01] "GET /api/v1/notifications/messages/?ordering=-created_at&limit=10 HTTP/1.1" 200 52
Not Found: /api/v1/academic/report-cards/
[29/Jul/2026 19:26:02] "GET /api/v1/academic/report-cards/ HTTP/1.1" 404 29021
[29/Jul/2026 19:26:02] "GET /api/v1/students/students/ HTTP/1.1" 200 1573
[29/Jul/2026 19:26:02] "GET /api/v1/notifications/announcements/?published=true&ordering=-created_at&limit=10 HTTP/1.1" 200 7531
[29/Jul/2026 19:26:02] "GET /api/v1/staff/teachers/ HTTP/1.1" 200 2905
[29/Jul/2026 19:26:02] "GET /api/v1/academic/classes/ HTTP/1.1" 200 1221
[29/Jul/2026 19:26:02] "GET /api/v1/finance/summary/ HTTP/1.1" 200 175
[29/Jul/2026 19:26:02] "GET /api/v1/attendance/sessions/dashboard-stats/ HTTP/1.1" 200 93
[29/Jul/2026 19:26:02] "GET /api/v1/audit/logs/ HTTP/1.1" 200 13029
[29/Jul/2026 19:26:02] "GET /api/v1/notifications/messages/?ordering=-created_at&limit=10 HTTP/1.1" 200 52
Not Found: /api/v1/academic/report-cards/
[29/Jul/2026 19:26:02] "GET /api/v1/academic/report-cards/ HTTP/1.1" 404 29021
[29/Jul/2026 19:26:02] "GET /api/v1/students/students/ HTTP/1.1" 200 1573
[29/Jul/2026 19:26:02] "GET /api/v1/notifications/announcements/?published=true&ordering=-created_at&limit=10 HTTP/1.1" 200 7531
[29/Jul/2026 19:26:02] "GET /api/v1/staff/teachers/ HTTP/1.1" 200 2905
[29/Jul/2026 19:26:02] "GET /api/v1/finance/summary/ HTTP/1.1" 200 175
[29/Jul/2026 19:26:02] "GET /api/v1/audit/logs/ HTTP/1.1" 200 13029
[29/Jul/2026 19:26:02] "GET /api/v1/academic/classes/ HTTP/1.1" 200 1221
[29/Jul/2026 19:26:02] "GET /api/v1/attendance/sessions/dashboard-stats/ HTTP/1.1" 200 93
[29/Jul/2026 19:26:12] "OPTIONS /api/v1/timetable/timetables/ HTTP/1.1" 200 0
[29/Jul/2026 19:26:12] "OPTIONS /api/v1/timetable/timetables/ HTTP/1.1" 200 0
[29/Jul/2026 19:26:12] "GET /api/v1/academic/terms/ HTTP/1.1" 200 1090
[29/Jul/2026 19:26:12] "GET /api/v1/academic/classes/ HTTP/1.1" 200 1221
C:\Users\BIG BROTHER\AppData\Local\Python\pythoncore-3.14-64\Lib\site-packages\rest_framework\pagination.py:207: UnorderedObjectListWarning: Pagination may yield inconsistent results with an unordered object_list: <class 'apps.timetable.models.Timetable'> QuerySet.
  paginator = self.django_paginator_class(queryset, page_size)
[29/Jul/2026 19:26:12] "GET /api/v1/academic/terms/ HTTP/1.1" 200 1090
[29/Jul/2026 19:26:12] "GET /api/v1/academic/classes/ HTTP/1.1" 200 1221
[29/Jul/2026 19:26:12] "GET /api/v1/timetable/timetables/ HTTP/1.1" 200 25534
[29/Jul/2026 19:26:13] "GET /api/v1/timetable/timetables/ HTTP/1.1" 200 25534
[29/Jul/2026 19:26:14] "OPTIONS /api/v1/tenants/ HTTP/1.1" 200 0
[29/Jul/2026 19:26:14] "OPTIONS /api/v1/documents/id-card-templates/ HTTP/1.1" 200 0
[29/Jul/2026 19:26:14] "OPTIONS /api/v1/tenants/ HTTP/1.1" 200 0
[29/Jul/2026 19:26:14] "OPTIONS /api/v1/documents/id-card-templates/ HTTP/1.1" 200 0
[29/Jul/2026 19:26:14] "GET /api/v1/tenants/ HTTP/1.1" 200 534
[29/Jul/2026 19:26:14] "GET /api/v1/documents/id-card-templates/ HTTP/1.1" 200 1041
[29/Jul/2026 19:26:14] "GET /api/v1/academic/academic-years/ HTTP/1.1" 200 1243
[29/Jul/2026 19:26:14] "GET /api/v1/tenants/ HTTP/1.1" 200 534
[29/Jul/2026 19:26:14] "GET /api/v1/documents/id-card-templates/ HTTP/1.1" 200 1041
[29/Jul/2026 19:26:14] "GET /api/v1/academic/academic-years/ HTTP/1.1" 200 1243
[29/Jul/2026 19:26:14] "GET /api/v1/academic/classes/ HTTP/1.1" 200 1221
[29/Jul/2026 19:26:14] "OPTIONS /api/v1/documents/id-cards/?academic_year=1 HTTP/1.1" 200 0
[29/Jul/2026 19:26:15] "GET /api/v1/documents/id-cards/?academic_year=1 HTTP/1.1" 200 52
[29/Jul/2026 19:26:15] "GET /api/v1/academic/classes/ HTTP/1.1" 200 1221
[29/Jul/2026 19:26:16] "OPTIONS /api/v1/finance/transactions/ HTTP/1.1" 200 0
[29/Jul/2026 19:26:16] "OPTIONS /api/v1/finance/transactions/ HTTP/1.1" 200 0
[29/Jul/2026 19:26:16] "GET /api/v1/finance/summary/ HTTP/1.1" 200 175
[29/Jul/2026 19:26:16] "GET /api/v1/finance/transactions/ HTTP/1.1" 200 52
[29/Jul/2026 19:26:16] "GET /api/v1/finance/transactions/ HTTP/1.1" 200 52
[29/Jul/2026 19:26:16] "GET /api/v1/finance/summary/ HTTP/1.1" 200 175
[29/Jul/2026 19:26:17] "GET /api/v1/tenants/ HTTP/1.1" 200 534
[29/Jul/2026 19:26:17] "GET /api/v1/academic/academic-years/ HTTP/1.1" 200 1243
[29/Jul/2026 19:26:17] "GET /api/v1/documents/id-card-templates/ HTTP/1.1" 200 1041
[29/Jul/2026 19:26:17] "GET /api/v1/academic/classes/ HTTP/1.1" 200 1221
[29/Jul/2026 19:26:17] "GET /api/v1/tenants/ HTTP/1.1" 200 534
[29/Jul/2026 19:26:17] "GET /api/v1/academic/academic-years/ HTTP/1.1" 200 1243
[29/Jul/2026 19:26:17] "GET /api/v1/documents/id-cards/?academic_year=1 HTTP/1.1" 200 52
[29/Jul/2026 19:26:17] "GET /api/v1/documents/id-card-templates/ HTTP/1.1" 200 1041
[29/Jul/2026 19:26:17] "GET /api/v1/academic/classes/ HTTP/1.1" 200 1221
[29/Jul/2026 19:26:22] "OPTIONS /api/v1/students/students/?current_class=1&status=active HTTP/1.1" 200 0
[29/Jul/2026 19:26:23] "GET /api/v1/documents/id-cards/?academic_year=1 HTTP/1.1" 200 52
[29/Jul/2026 19:26:23] "GET /api/v1/students/students/?current_class=1&status=active HTTP/1.1" 200 1063
[29/Jul/2026 19:27:15] "GET /api/v1/students/students/ HTTP/1.1" 200 1573
[29/Jul/2026 19:27:15] "GET /api/v1/students/students/ HTTP/1.1" 200 1573
[29/Jul/2026 19:27:16] "GET /api/v1/academic/academic-years/ HTTP/1.1" 200 1243
[29/Jul/2026 19:27:16] "GET /api/v1/academic/classes/ HTTP/1.1" 200 1221
[29/Jul/2026 19:27:16] "OPTIONS /api/v1/reports/report-card-templates/ HTTP/1.1" 200 0
[29/Jul/2026 19:27:16] "OPTIONS /api/v1/academic/terms/?academic_year=1 HTTP/1.1" 200 0
[29/Jul/2026 19:27:16] "GET /api/v1/reports/report-card-templates/ HTTP/1.1" 200 52
[29/Jul/2026 19:27:16] "GET /api/v1/academic/academic-years/ HTTP/1.1" 200 1243
[29/Jul/2026 19:27:16] "GET /api/v1/academic/terms/?academic_year=1 HTTP/1.1" 200 1090
[29/Jul/2026 19:27:16] "GET /api/v1/academic/classes/ HTTP/1.1" 200 1221
[29/Jul/2026 19:27:16] "GET /api/v1/reports/report-card-templates/ HTTP/1.1" 200 52
[29/Jul/2026 19:27:22] "OPTIONS /api/v1/reports/report-cards/list/?term_id=1 HTTP/1.1" 200 0
[29/Jul/2026 19:27:22] "GET /api/v1/reports/report-cards/list/?term_id=1 HTTP/1.1" 200 2
[29/Jul/2026 19:27:25] "OPTIONS /api/v1/students/students/?current_class=1 HTTP/1.1" 200 0
[29/Jul/2026 19:27:25] "OPTIONS /api/v1/reports/report-cards/list/?class_id=1&term_id=1 HTTP/1.1" 200 0
[29/Jul/2026 19:27:25] "GET /api/v1/reports/report-cards/list/?class_id=1&term_id=1 HTTP/1.1" 200 2
[29/Jul/2026 19:27:25] "GET /api/v1/students/students/?current_class=1 HTTP/1.1" 200 1063
[29/Jul/2026 19:27:29] "OPTIONS /api/v1/reports/report-cards/list/?class_id=1&term_id=1&student_id=e883436f-2bc9-48ef-9baf-80f81324bca4 HTTP/1.1" 200 0
[29/Jul/2026 19:27:29] "GET /api/v1/reports/report-cards/list/?class_id=1&term_id=1&student_id=e883436f-2bc9-48ef-9baf-80f81324bca4 HTTP/1.1" 200 2
[29/Jul/2026 19:30:18] "GET /api/v1/tenants/ HTTP/1.1" 200 534
[29/Jul/2026 19:30:18] "GET /api/v1/documents/id-card-templates/ HTTP/1.1" 200 1041
[29/Jul/2026 19:30:18] "GET /api/v1/academic/academic-years/ HTTP/1.1" 200 1243
[29/Jul/2026 19:30:18] "GET /api/v1/academic/classes/ HTTP/1.1" 200 1221
[29/Jul/2026 19:30:18] "GET /api/v1/tenants/ HTTP/1.1" 200 534
[29/Jul/2026 19:30:18] "GET /api/v1/documents/id-card-templates/ HTTP/1.1" 200 1041
[29/Jul/2026 19:30:18] "GET /api/v1/documents/id-cards/?academic_year=1 HTTP/1.1" 200 52
[29/Jul/2026 19:30:18] "GET /api/v1/academic/classes/ HTTP/1.1" 200 1221
[29/Jul/2026 19:30:18] "GET /api/v1/academic/academic-years/ HTTP/1.1" 200 1243
[29/Jul/2026 19:30:24] "GET /api/v1/documents/id-cards/?academic_year=1 HTTP/1.1" 200 52
[29/Jul/2026 19:30:24] "GET /api/v1/students/students/?current_class=1&status=active HTTP/1.1" 200 1063
[29/Jul/2026 19:40:21] "GET /api/v1/auth/me/ HTTP/1.1" 200 644
[29/Jul/2026 19:40:21] "GET /api/v1/documents/id-card-templates/ HTTP/1.1" 200 1041
[29/Jul/2026 19:40:21] "GET /api/v1/notifications/messages/?ordering=-created_at&limit=10 HTTP/1.1" 200 52
[29/Jul/2026 19:40:21] "GET /api/v1/academic/academic-years/ HTTP/1.1" 200 1243
[29/Jul/2026 19:40:21] "GET /api/v1/academic/classes/ HTTP/1.1" 200 1221
[29/Jul/2026 19:40:21] "GET /api/v1/notifications/announcements/?published=true&ordering=-created_at&limit=10 HTTP/1.1" 200 7531
[29/Jul/2026 19:40:21] "GET /api/v1/tenants/ HTTP/1.1" 200 534
[29/Jul/2026 19:40:21] "GET /api/v1/auth/me/ HTTP/1.1" 200 644
[29/Jul/2026 19:40:21] "GET /api/v1/documents/id-card-templates/ HTTP/1.1" 200 1041
[29/Jul/2026 19:40:21] "GET /api/v1/notifications/messages/?ordering=-created_at&limit=10 HTTP/1.1" 200 52
[29/Jul/2026 19:40:21] "GET /api/v1/tenants/ HTTP/1.1" 200 534
[29/Jul/2026 19:40:21] "GET /api/v1/academic/academic-years/ HTTP/1.1" 200 1243
[29/Jul/2026 19:40:21] "GET /api/v1/documents/id-cards/?academic_year=1 HTTP/1.1" 200 52
[29/Jul/2026 19:40:21] "GET /api/v1/academic/classes/ HTTP/1.1" 200 1221
[29/Jul/2026 19:40:21] "GET /api/v1/notifications/announcements/?published=true&ordering=-created_at&limit=10 HTTP/1.1" 200 7531
[29/Jul/2026 19:40:25] "GET /api/v1/documents/id-cards/?academic_year=1 HTTP/1.1" 200 52
[29/Jul/2026 19:40:25] "GET /api/v1/students/students/?current_class=1&status=active HTTP/1.1" 200 1063
[29/Jul/2026 20:04:39] "GET /api/v1/notifications/messages/?ordering=-created_at&limit=10 HTTP/1.1" 200 52
[29/Jul/2026 20:04:39] "GET /api/v1/tenants/ HTTP/1.1" 200 534
[29/Jul/2026 20:04:39] "GET /api/v1/documents/id-card-templates/ HTTP/1.1" 200 1041
[29/Jul/2026 20:04:39] "GET /api/v1/academic/academic-years/ HTTP/1.1" 200 1243
[29/Jul/2026 20:04:39] "GET /api/v1/notifications/announcements/?published=true&ordering=-created_at&limit=10 HTTP/1.1" 200 7531
[29/Jul/2026 20:04:39] "GET /api/v1/academic/classes/ HTTP/1.1" 200 1221
[29/Jul/2026 20:04:39] "GET /api/v1/auth/me/ HTTP/1.1" 200 644
[29/Jul/2026 20:04:39] "GET /api/v1/notifications/messages/?ordering=-created_at&limit=10 HTTP/1.1" 200 52
[29/Jul/2026 20:04:39] "GET /api/v1/tenants/ HTTP/1.1" 200 534
[29/Jul/2026 20:04:39] "GET /api/v1/documents/id-card-templates/ HTTP/1.1" 200 1041
[29/Jul/2026 20:04:39] "GET /api/v1/academic/academic-years/ HTTP/1.1" 200 1243
[29/Jul/2026 20:04:39] "GET /api/v1/documents/id-cards/?academic_year=1 HTTP/1.1" 200 52
[29/Jul/2026 20:04:39] "GET /api/v1/notifications/announcements/?published=true&ordering=-created_at&limit=10 HTTP/1.1" 200 7531
[29/Jul/2026 20:04:39] "GET /api/v1/auth/me/ HTTP/1.1" 200 644
[29/Jul/2026 20:04:39] "GET /api/v1/academic/classes/ HTTP/1.1" 200 1221
[29/Jul/2026 20:04:48] "GET /api/v1/academic/terms/ HTTP/1.1" 200 1090
[29/Jul/2026 20:04:48] "GET /api/v1/attendance/sessions/dashboard-stats/ HTTP/1.1" 200 93
[29/Jul/2026 20:04:48] "GET /api/v1/academic/subjects/ HTTP/1.1" 200 1808
[29/Jul/2026 20:04:48] "GET /api/v1/staff/teachers/ HTTP/1.1" 200 2905
[29/Jul/2026 20:04:48] "GET /api/v1/academic/classes/ HTTP/1.1" 200 1221
[29/Jul/2026 20:04:48] "GET /api/v1/attendance/sessions/dashboard-stats/ HTTP/1.1" 200 93
[29/Jul/2026 20:04:48] "GET /api/v1/academic/terms/ HTTP/1.1" 200 1090
[29/Jul/2026 20:04:48] "GET /api/v1/academic/subjects/ HTTP/1.1" 200 1808
[29/Jul/2026 20:04:48] "GET /api/v1/academic/classes/ HTTP/1.1" 200 1221
[29/Jul/2026 20:04:48] "GET /api/v1/staff/teachers/ HTTP/1.1" 200 2905
[29/Jul/2026 20:04:48] "OPTIONS /api/v1/attendance/sessions/ HTTP/1.1" 200 0
[29/Jul/2026 20:04:48] "OPTIONS /api/v1/attendance/sessions/ HTTP/1.1" 200 0
[29/Jul/2026 20:04:48] "GET /api/v1/attendance/sessions/ HTTP/1.1" 200 52
[29/Jul/2026 20:04:48] "GET /api/v1/attendance/sessions/ HTTP/1.1" 200 52
[29/Jul/2026 20:04:54] "GET /api/v1/staff/teachers/ HTTP/1.1" 200 2905
[29/Jul/2026 20:04:54] "GET /api/v1/staff/teachers/ HTTP/1.1" 200 2905
[29/Jul/2026 20:05:02] "GET /api/v1/students/students/ HTTP/1.1" 200 1573
[29/Jul/2026 20:05:02] "GET /api/v1/students/students/ HTTP/1.1" 200 1573
Not Found: /api/v1/academic/report-cards/
Unauthorized: /api/v1/finance/summary/
[29/Jul/2026 20:05:04] "GET /api/v1/academic/report-cards/ HTTP/1.1" 404 29021
[29/Jul/2026 20:05:04] "GET /api/v1/finance/summary/ HTTP/1.1" 401 98
[29/Jul/2026 20:05:04] "GET /api/v1/students/students/ HTTP/1.1" 200 1573
[29/Jul/2026 20:05:04] "GET /api/v1/attendance/sessions/dashboard-stats/ HTTP/1.1" 200 93
[29/Jul/2026 20:05:04] "GET /api/v1/staff/teachers/ HTTP/1.1" 200 2905
[29/Jul/2026 20:05:04] "GET /api/v1/academic/classes/ HTTP/1.1" 200 1221
Not Found: /api/v1/academic/report-cards/
[29/Jul/2026 20:05:04] "GET /api/v1/academic/report-cards/ HTTP/1.1" 404 29021
Unauthorized: /api/v1/finance/summary/
[29/Jul/2026 20:05:04] "POST /api/v1/auth/refresh/ HTTP/1.1" 200 545
[29/Jul/2026 20:05:04] "GET /api/v1/finance/summary/ HTTP/1.1" 401 98
[29/Jul/2026 20:05:04] "GET /api/v1/attendance/sessions/dashboard-stats/ HTTP/1.1" 200 93
[29/Jul/2026 20:05:04] "GET /api/v1/students/students/ HTTP/1.1" 200 1573
[29/Jul/2026 20:05:04] "GET /api/v1/academic/classes/ HTTP/1.1" 200 1221
[29/Jul/2026 20:05:04] "POST /api/v1/auth/refresh/ HTTP/1.1" 200 545
[29/Jul/2026 20:05:04] "GET /api/v1/finance/summary/ HTTP/1.1" 200 175
[29/Jul/2026 20:05:04] "GET /api/v1/audit/logs/ HTTP/1.1" 200 13029
[29/Jul/2026 20:05:05] "GET /api/v1/audit/logs/ HTTP/1.1" 200 13029
[29/Jul/2026 20:05:05] "GET /api/v1/finance/summary/ HTTP/1.1" 200 175
[29/Jul/2026 20:05:05] "GET /api/v1/staff/teachers/ HTTP/1.1" 200 2905
[29/Jul/2026 20:05:09] "GET /api/v1/staff/teachers/ HTTP/1.1" 200 2905
[29/Jul/2026 20:05:09] "GET /api/v1/staff/teachers/ HTTP/1.1" 200 2905
[29/Jul/2026 20:05:17] "GET /api/v1/academic/academic-years/ HTTP/1.1" 200 1243
[29/Jul/2026 20:05:17] "GET /api/v1/academic/subjects/ HTTP/1.1" 200 1808
[29/Jul/2026 20:05:17] "GET /api/v1/academic/classes/ HTTP/1.1" 200 1221
[29/Jul/2026 20:05:17] "GET /api/v1/academic/academic-years/ HTTP/1.1" 200 1243
[29/Jul/2026 20:05:17] "GET /api/v1/academic/subjects/ HTTP/1.1" 200 1808
[29/Jul/2026 20:05:17] "GET /api/v1/academic/classes/ HTTP/1.1" 200 1221
[29/Jul/2026 20:06:04] "OPTIONS /api/v1/staff/teachers/onboard/ HTTP/1.1" 200 0
Bad Request: /api/v1/staff/teachers/onboard/
[29/Jul/2026 20:06:04] "POST /api/v1/staff/teachers/onboard/ HTTP/1.1" 400 66
[29/Jul/2026 20:06:37] "POST /api/v1/staff/teachers/onboard/ HTTP/1.1" 201 1493
[29/Jul/2026 20:06:55] "GET /api/v1/notifications/messages/?ordering=-created_at&limit=10 HTTP/1.1" 200 52
[29/Jul/2026 20:06:55] "GET /api/v1/notifications/announcements/?published=true&ordering=-created_at&limit=10 HTTP/1.1" 200 7531
[29/Jul/2026 20:07:08] "GET /api/v1/staff/teachers/ HTTP/1.1" 200 4284
[29/Jul/2026 20:07:08] "GET /api/v1/staff/teachers/ HTTP/1.1" 200 4284
[29/Jul/2026 20:07:32] "OPTIONS /api/v1/students/discipline/ HTTP/1.1" 200 0
[29/Jul/2026 20:07:32] "OPTIONS /api/v1/students/transfers/ HTTP/1.1" 200 0
[29/Jul/2026 20:07:32] "OPTIONS /api/v1/students/transfers/ HTTP/1.1" 200 0
[29/Jul/2026 20:07:32] "OPTIONS /api/v1/students/discipline/ HTTP/1.1" 200 0
C:\Users\BIG BROTHER\AppData\Local\Python\pythoncore-3.14-64\Lib\site-packages\rest_framework\pagination.py:207: UnorderedObjectListWarning: Pagination may yield inconsistent results with an unordered object_list: <class 'apps.students.models.DisciplineRecord'> QuerySet.
  paginator = self.django_paginator_class(queryset, page_size)
C:\Users\BIG BROTHER\AppData\Local\Python\pythoncore-3.14-64\Lib\site-packages\rest_framework\pagination.py:207: UnorderedObjectListWarning: Pagination may yield inconsistent results with an unordered object_list: <class 'apps.students.models.TransferRequest'> QuerySet.
  paginator = self.django_paginator_class(queryset, page_size)
[29/Jul/2026 20:07:32] "GET /api/v1/students/discipline/ HTTP/1.1" 200 52
[29/Jul/2026 20:07:32] "GET /api/v1/students/transfers/ HTTP/1.1" 200 52
[29/Jul/2026 20:07:32] "GET /api/v1/students/discipline/ HTTP/1.1" 200 52
[29/Jul/2026 20:07:32] "GET /api/v1/students/transfers/ HTTP/1.1" 200 52
[29/Jul/2026 20:07:39] "GET /api/v1/staff/teachers/ HTTP/1.1" 200 4284
[29/Jul/2026 20:07:39] "GET /api/v1/staff/teachers/ HTTP/1.1" 200 4284
[29/Jul/2026 20:07:46] "GET /api/v1/notifications/messages/?ordering=-created_at&limit=10 HTTP/1.1" 200 52
[29/Jul/2026 20:07:46] "GET /api/v1/assessments/mark-windows/?is_open=true HTTP/1.1" 200 318
[29/Jul/2026 20:07:46] "GET /api/v1/reports/analytics/metadata/ HTTP/1.1" 200 1161
[29/Jul/2026 20:07:46] "GET /api/v1/notifications/announcements/?published=true&ordering=-created_at&limit=10 HTTP/1.1" 200 7531
[29/Jul/2026 20:07:46] "GET /api/v1/notifications/announcements/?audience=teachers&limit=5 HTTP/1.1" 200 7531
[29/Jul/2026 20:07:46] "GET /api/v1/notifications/messages/?ordering=-created_at&limit=10 HTTP/1.1" 200 52
[29/Jul/2026 20:07:46] "GET /api/v1/staff/assignments/my_assignments/ HTTP/1.1" 200 298
[29/Jul/2026 20:07:46] "GET /api/v1/assessments/mark-windows/?is_open=true HTTP/1.1" 200 318
[29/Jul/2026 20:07:46] "GET /api/v1/reports/analytics/metadata/ HTTP/1.1" 200 1161
[29/Jul/2026 20:07:46] "GET /api/v1/reports/analytics/teacher-summary/?term_id=7 HTTP/1.1" 200 506
[29/Jul/2026 20:07:46] "GET /api/v1/notifications/announcements/?published=true&ordering=-created_at&limit=10 HTTP/1.1" 200 7531
[29/Jul/2026 20:07:46] "GET /api/v1/staff/assignments/my_assignments/ HTTP/1.1" 200 298
[29/Jul/2026 20:07:46] "GET /api/v1/logbook/modules/?subject=3 HTTP/1.1" 200 550
[29/Jul/2026 20:07:46] "GET /api/v1/notifications/announcements/?audience=teachers&limit=5 HTTP/1.1" 200 7531
[29/Jul/2026 20:07:46] "GET /api/v1/timetable/time-slots/ HTTP/1.1" 200 25095
[29/Jul/2026 20:07:47] "GET /api/v1/timetable/time-slots/ HTTP/1.1" 200 25095
[29/Jul/2026 20:07:47] "GET /api/v1/timetable/time-slots/ HTTP/1.1" 200 25095
[29/Jul/2026 20:07:47] "GET /api/v1/timetable/time-slots/ HTTP/1.1" 200 25095
[29/Jul/2026 20:07:56] "GET /api/v1/staff/assignments/my_assignments/ HTTP/1.1" 200 298
[29/Jul/2026 20:07:56] "GET /api/v1/academic/terms/ HTTP/1.1" 200 1090
[29/Jul/2026 20:07:56] "OPTIONS /api/v1/assessments/mark-windows/check-status/?sequence=3 HTTP/1.1" 200 0
[29/Jul/2026 20:07:56] "GET /api/v1/academic/terms/ HTTP/1.1" 200 1090
[29/Jul/2026 20:07:56] "GET /api/v1/staff/assignments/my_assignments/ HTTP/1.1" 200 298
[29/Jul/2026 20:07:56] "GET /api/v1/assessments/mark-windows/check-status/?sequence=3 HTTP/1.1" 200 91
[29/Jul/2026 20:07:56] "OPTIONS /api/v1/assessments/exams/?sequence=3 HTTP/1.1" 200 0
[29/Jul/2026 20:07:56] "GET /api/v1/students/students/?current_class=1 HTTP/1.1" 200 1063
[29/Jul/2026 20:07:56] "GET /api/v1/assessments/mark-windows/check-status/?sequence=3 HTTP/1.1" 200 91
Internal Server Error: /api/v1/assessments/exams/
Traceback (most recent call last):
  File "C:\Users\BIG BROTHER\AppData\Local\Python\pythoncore-3.14-64\Lib\site-packages\django\core\handlers\exception.py", line 55, in inner
    response = get_response(request)
  File "C:\Users\BIG BROTHER\AppData\Local\Python\pythoncore-3.14-64\Lib\site-packages\django\core\handlers\base.py", line 197, in _get_response
    response = wrapped_callback(request, *callback_args, **callback_kwargs)
  File "C:\Users\BIG BROTHER\AppData\Local\Python\pythoncore-3.14-64\Lib\site-packages\django\views\decorators\csrf.py", line 65, in _view_wrapper
    return view_func(request, *args, **kwargs)
  File "C:\Users\BIG BROTHER\AppData\Local\Python\pythoncore-3.14-64\Lib\site-packages\rest_framework\viewsets.py", line 124, in view
    return self.dispatch(request, *args, **kwargs)
           ~~~~~~~~~~~~~^^^^^^^^^^^^^^^^^^^^^^^^^^
  File "C:\Users\BIG BROTHER\AppData\Local\Python\pythoncore-3.14-64\Lib\site-packages\rest_framework\views.py", line 509, in dispatch
    response = self.handle_exception(exc)
  File "C:\Users\BIG BROTHER\AppData\Local\Python\pythoncore-3.14-64\Lib\site-packages\rest_framework\views.py", line 469, in handle_exception
    self.raise_uncaught_exception(exc)
    ~~~~~~~~~~~~~~~~~~~~~~~~~~~~~^^^^^
  File "C:\Users\BIG BROTHER\AppData\Local\Python\pythoncore-3.14-64\Lib\site-packages\rest_framework\views.py", line 480, in raise_uncaught_exception
    raise exc
  File "C:\Users\BIG BROTHER\AppData\Local\Python\pythoncore-3.14-64\Lib\site-packages\rest_framework\views.py", line 506, in dispatch
    response = handler(request, *args, **kwargs)
  File "C:\Users\BIG BROTHER\Desktop\Projects\Personal Projects\School_OS\School_OS\backend\apps\assessments\views.py", line 359, in list
    response = super().list(request, *args, **kwargs)
  File "C:\Users\BIG BROTHER\AppData\Local\Python\pythoncore-3.14-64\Lib\site-packages\rest_framework\mixins.py", line 43, in list
    return self.get_paginated_response(serializer.data)
                                       ^^^^^^^^^^^^^^^
  File "C:\Users\BIG BROTHER\AppData\Local\Python\pythoncore-3.14-64\Lib\site-packages\rest_framework\serializers.py", line 795, in data
    ret = super().data
          ^^^^^^^^^^^^
  File "C:\Users\BIG BROTHER\AppData\Local\Python\pythoncore-3.14-64\Lib\site-packages\rest_framework\serializers.py", line 249, in data
    self._data = self.to_representation(self.instance)
                 ~~~~~~~~~~~~~~~~~~~~~~^^^^^^^^^^^^^^^
  File "C:\Users\BIG BROTHER\AppData\Local\Python\pythoncore-3.14-64\Lib\site-packages\rest_framework\serializers.py", line 714, in to_representation
    self.child.to_representation(item) for item in iterable
    ~~~~~~~~~~~~~~~~~~~~~~~~~~~~^^^^^^
  File "C:\Users\BIG BROTHER\AppData\Local\Python\pythoncore-3.14-64\Lib\site-packages\rest_framework\serializers.py", line 538, in to_representation
    ret[field.field_name] = field.to_representation(attribute)
                            ~~~~~~~~~~~~~~~~~~~~~~~^^^^^^^^^^^
  File "C:\Users\BIG BROTHER\AppData\Local\Python\pythoncore-3.14-64\Lib\site-packages\rest_framework\fields.py", line 1870, in to_representation
    return method(value)
  File "C:\Users\BIG BROTHER\Desktop\Projects\Personal Projects\School_OS\School_OS\backend\apps\assessments\serializers.py", line 51, in get_sequences_status
    for w in obj.markentrywindow_set.all()
             ^^^^^^^^^^^^^^^^^^^^^^^
AttributeError: 'Exam' object has no attribute 'markentrywindow_set'
[29/Jul/2026 20:07:56] "GET /api/v1/assessments/exams/?sequence=3 HTTP/1.1" 500 145246
[29/Jul/2026 20:07:56] "OPTIONS /api/v1/assessments/exams/ HTTP/1.1" 200 0
Internal Server Error: /api/v1/assessments/exams/
Traceback (most recent call last):
  File "C:\Users\BIG BROTHER\AppData\Local\Python\pythoncore-3.14-64\Lib\site-packages\django\core\handlers\exception.py", line 55, in inner
    response = get_response(request)
  File "C:\Users\BIG BROTHER\AppData\Local\Python\pythoncore-3.14-64\Lib\site-packages\django\core\handlers\base.py", line 197, in _get_response
    response = wrapped_callback(request, *callback_args, **callback_kwargs)
  File "C:\Users\BIG BROTHER\AppData\Local\Python\pythoncore-3.14-64\Lib\site-packages\django\views\decorators\csrf.py", line 65, in _view_wrapper
    return view_func(request, *args, **kwargs)
  File "C:\Users\BIG BROTHER\AppData\Local\Python\pythoncore-3.14-64\Lib\site-packages\rest_framework\viewsets.py", line 124, in view
    return self.dispatch(request, *args, **kwargs)
           ~~~~~~~~~~~~~^^^^^^^^^^^^^^^^^^^^^^^^^^
  File "C:\Users\BIG BROTHER\AppData\Local\Python\pythoncore-3.14-64\Lib\site-packages\rest_framework\views.py", line 509, in dispatch
    response = self.handle_exception(exc)
  File "C:\Users\BIG BROTHER\AppData\Local\Python\pythoncore-3.14-64\Lib\site-packages\rest_framework\views.py", line 469, in handle_exception
    self.raise_uncaught_exception(exc)
    ~~~~~~~~~~~~~~~~~~~~~~~~~~~~~^^^^^
  File "C:\Users\BIG BROTHER\AppData\Local\Python\pythoncore-3.14-64\Lib\site-packages\rest_framework\views.py", line 480, in raise_uncaught_exception
    raise exc
  File "C:\Users\BIG BROTHER\AppData\Local\Python\pythoncore-3.14-64\Lib\site-packages\rest_framework\views.py", line 506, in dispatch
    response = handler(request, *args, **kwargs)
  File "C:\Users\BIG BROTHER\Desktop\Projects\Personal Projects\School_OS\School_OS\backend\apps\assessments\views.py", line 359, in list
    response = super().list(request, *args, **kwargs)
  File "C:\Users\BIG BROTHER\AppData\Local\Python\pythoncore-3.14-64\Lib\site-packages\rest_framework\mixins.py", line 43, in list
    return self.get_paginated_response(serializer.data)
                                       ^^^^^^^^^^^^^^^
  File "C:\Users\BIG BROTHER\AppData\Local\Python\pythoncore-3.14-64\Lib\site-packages\rest_framework\serializers.py", line 795, in data
    ret = super().data
          ^^^^^^^^^^^^
  File "C:\Users\BIG BROTHER\AppData\Local\Python\pythoncore-3.14-64\Lib\site-packages\rest_framework\serializers.py", line 249, in data
    self._data = self.to_representation(self.instance)
                 ~~~~~~~~~~~~~~~~~~~~~~^^^^^^^^^^^^^^^
  File "C:\Users\BIG BROTHER\AppData\Local\Python\pythoncore-3.14-64\Lib\site-packages\rest_framework\serializers.py", line 714, in to_representation
    self.child.to_representation(item) for item in iterable
    ~~~~~~~~~~~~~~~~~~~~~~~~~~~~^^^^^^
  File "C:\Users\BIG BROTHER\AppData\Local\Python\pythoncore-3.14-64\Lib\site-packages\rest_framework\serializers.py", line 538, in to_representation
    ret[field.field_name] = field.to_representation(attribute)
                            ~~~~~~~~~~~~~~~~~~~~~~~^^^^^^^^^^^
  File "C:\Users\BIG BROTHER\AppData\Local\Python\pythoncore-3.14-64\Lib\site-packages\rest_framework\fields.py", line 1870, in to_representation
    return method(value)
  File "C:\Users\BIG BROTHER\Desktop\Projects\Personal Projects\School_OS\School_OS\backend\apps\assessments\serializers.py", line 51, in get_sequences_status
    for w in obj.markentrywindow_set.all()
             ^^^^^^^^^^^^^^^^^^^^^^^
AttributeError: 'Exam' object has no attribute 'markentrywindow_set'
[29/Jul/2026 20:07:56] "GET /api/v1/assessments/exams/?sequence=3 HTTP/1.1" 500 145246
Internal Server Error: /api/v1/assessments/exams/
Traceback (most recent call last):
  File "C:\Users\BIG BROTHER\AppData\Local\Python\pythoncore-3.14-64\Lib\site-packages\django\db\backends\utils.py", line 105, in _execute
    return self.cursor.execute(sql, params)
           ~~~~~~~~~~~~~~~~~~~^^^^^^^^^^^^^
psycopg2.errors.UniqueViolation: duplicate key value violates unique constraint "assessment_exams_tenant_id_term_id_d4b9a86f_uniq"
DETAIL:  Key (tenant_id, term_id)=(4ed6a600-fd3d-42ba-afa7-3d9307fd3318, 1) already exists.


The above exception was the direct cause of the following exception:

Traceback (most recent call last):
  File "C:\Users\BIG BROTHER\AppData\Local\Python\pythoncore-3.14-64\Lib\site-packages\django\core\handlers\exception.py", line 55, in inner
    response = get_response(request)
  File "C:\Users\BIG BROTHER\AppData\Local\Python\pythoncore-3.14-64\Lib\site-packages\django\core\handlers\base.py", line 197, in _get_response
    response = wrapped_callback(request, *callback_args, **callback_kwargs)
  File "C:\Users\BIG BROTHER\AppData\Local\Python\pythoncore-3.14-64\Lib\site-packages\django\views\decorators\csrf.py", line 65, in _view_wrapper
    return view_func(request, *args, **kwargs)
  File "C:\Users\BIG BROTHER\AppData\Local\Python\pythoncore-3.14-64\Lib\site-packages\rest_framework\viewsets.py", line 124, in view
    return self.dispatch(request, *args, **kwargs)
           ~~~~~~~~~~~~~^^^^^^^^^^^^^^^^^^^^^^^^^^
  File "C:\Users\BIG BROTHER\AppData\Local\Python\pythoncore-3.14-64\Lib\site-packages\rest_framework\views.py", line 509, in dispatch
    response = self.handle_exception(exc)
  File "C:\Users\BIG BROTHER\AppData\Local\Python\pythoncore-3.14-64\Lib\site-packages\rest_framework\views.py", line 469, in handle_exception
    self.raise_uncaught_exception(exc)
    ~~~~~~~~~~~~~~~~~~~~~~~~~~~~~^^^^^
  File "C:\Users\BIG BROTHER\AppData\Local\Python\pythoncore-3.14-64\Lib\site-packages\rest_framework\views.py", line 480, in raise_uncaught_exception
    raise exc
  File "C:\Users\BIG BROTHER\AppData\Local\Python\pythoncore-3.14-64\Lib\site-packages\rest_framework\views.py", line 506, in dispatch
    response = handler(request, *args, **kwargs)
  File "C:\Users\BIG BROTHER\AppData\Local\Python\pythoncore-3.14-64\Lib\site-packages\rest_framework\mixins.py", line 19, in create
    self.perform_create(serializer)
    ~~~~~~~~~~~~~~~~~~~^^^^^^^^^^^^
  File "C:\Users\BIG BROTHER\Desktop\Projects\Personal Projects\School_OS\School_OS\backend\apps\assessments\views.py", line 328, in perform_create
    serializer.save(tenant_id=self.request.tenant_id)
    ~~~~~~~~~~~~~~~^^^^^^^^^^^^^^^^^^^^^^^^^^^^^^^^^^
  File "C:\Users\BIG BROTHER\AppData\Local\Python\pythoncore-3.14-64\Lib\site-packages\rest_framework\serializers.py", line 208, in save
    self.instance = self.create(validated_data)
                    ~~~~~~~~~~~^^^^^^^^^^^^^^^^
  File "C:\Users\BIG BROTHER\AppData\Local\Python\pythoncore-3.14-64\Lib\site-packages\rest_framework\serializers.py", line 989, in create
    instance = ModelClass._default_manager.create(**validated_data)
  File "C:\Users\BIG BROTHER\AppData\Local\Python\pythoncore-3.14-64\Lib\site-packages\django\db\models\manager.py", line 87, in manager_method
    return getattr(self.get_queryset(), name)(*args, **kwargs)
           ~~~~~~~~~~~~~~~~~~~~~~~~~~~~~~~~~~^^^^^^^^^^^^^^^^^
  File "C:\Users\BIG BROTHER\AppData\Local\Python\pythoncore-3.14-64\Lib\site-packages\django\db\models\query.py", line 665, in create
    obj.save(force_insert=True, using=self.db)
    ~~~~~~~~^^^^^^^^^^^^^^^^^^^^^^^^^^^^^^^^^^
  File "C:\Users\BIG BROTHER\AppData\Local\Python\pythoncore-3.14-64\Lib\site-packages\django\db\models\base.py", line 902, in save
    self.save_base(
    ~~~~~~~~~~~~~~^
        using=using,
        ^^^^^^^^^^^^
    ...<2 lines>...
        update_fields=update_fields,
        ^^^^^^^^^^^^^^^^^^^^^^^^^^^^
    )
    ^
  File "C:\Users\BIG BROTHER\AppData\Local\Python\pythoncore-3.14-64\Lib\site-packages\django\db\models\base.py", line 1008, in save_base
    updated = self._save_table(
        raw,
    ...<4 lines>...
        update_fields,
    )
  File "C:\Users\BIG BROTHER\AppData\Local\Python\pythoncore-3.14-64\Lib\site-packages\django\db\models\base.py", line 1169, in _save_table
    results = self._do_insert(
        cls._base_manager, using, fields, returning_fields, raw
    )
  File "C:\Users\BIG BROTHER\AppData\Local\Python\pythoncore-3.14-64\Lib\site-packages\django\db\models\base.py", line 1210, in _do_insert
    return manager._insert(
           ~~~~~~~~~~~~~~~^
        [self],
        ^^^^^^^
    ...<3 lines>...
        raw=raw,
        ^^^^^^^^
    )
    ^
  File "C:\Users\BIG BROTHER\AppData\Local\Python\pythoncore-3.14-64\Lib\site-packages\django\db\models\manager.py", line 87, in manager_method
    return getattr(self.get_queryset(), name)(*args, **kwargs)
           ~~~~~~~~~~~~~~~~~~~~~~~~~~~~~~~~~~^^^^^^^^^^^^^^^^^
  File "C:\Users\BIG BROTHER\AppData\Local\Python\pythoncore-3.14-64\Lib\site-packages\django\db\models\query.py", line 1873, in _insert
    return query.get_compiler(using=using).execute_sql(returning_fields)
           ~~~~~~~~~~~~~~~~~~~~~~~~~~~~~~~~~~~~~~~~~~~^^^^^^^^^^^^^^^^^^
  File "C:\Users\BIG BROTHER\AppData\Local\Python\pythoncore-3.14-64\Lib\site-packages\django\db\models\sql\compiler.py", line 1882, in execute_sql
    cursor.execute(sql, params)
    ~~~~~~~~~~~~~~^^^^^^^^^^^^^
  File "C:\Users\BIG BROTHER\AppData\Local\Python\pythoncore-3.14-64\Lib\site-packages\django\db\backends\utils.py", line 122, in execute
    return super().execute(sql, params)
           ~~~~~~~~~~~~~~~^^^^^^^^^^^^^
  File "C:\Users\BIG BROTHER\AppData\Local\Python\pythoncore-3.14-64\Lib\site-packages\django\db\backends\utils.py", line 79, in execute
    return self._execute_with_wrappers(
           ~~~~~~~~~~~~~~~~~~~~~~~~~~~^
        sql, params, many=False, executor=self._execute
        ^^^^^^^^^^^^^^^^^^^^^^^^^^^^^^^^^^^^^^^^^^^^^^^
    )
    ^
  File "C:\Users\BIG BROTHER\AppData\Local\Python\pythoncore-3.14-64\Lib\site-packages\django\db\backends\utils.py", line 92, in _execute_with_wrappers
    return executor(sql, params, many, context)
  File "C:\Users\BIG BROTHER\AppData\Local\Python\pythoncore-3.14-64\Lib\site-packages\django\db\backends\utils.py", line 100, in _execute
    with self.db.wrap_database_errors:
         ^^^^^^^^^^^^^^^^^^^^^^^^^^^^
  File "C:\Users\BIG BROTHER\AppData\Local\Python\pythoncore-3.14-64\Lib\site-packages\django\db\utils.py", line 91, in __exit__
    raise dj_exc_value.with_traceback(traceback) from exc_value
  File "C:\Users\BIG BROTHER\AppData\Local\Python\pythoncore-3.14-64\Lib\site-packages\django\db\backends\utils.py", line 105, in _execute
    return self.cursor.execute(sql, params)
           ~~~~~~~~~~~~~~~~~~~^^^^^^^^^^^^^
django.db.utils.IntegrityError: duplicate key value violates unique constraint "assessment_exams_tenant_id_term_id_d4b9a86f_uniq"
DETAIL:  Key (tenant_id, term_id)=(4ed6a600-fd3d-42ba-afa7-3d9307fd3318, 1) already exists.

[29/Jul/2026 20:07:57] "POST /api/v1/assessments/exams/ HTTP/1.1" 500 214438
Internal Server Error: /api/v1/assessments/exams/
Traceback (most recent call last):
  File "C:\Users\BIG BROTHER\AppData\Local\Python\pythoncore-3.14-64\Lib\site-packages\django\db\backends\utils.py", line 105, in _execute
    return self.cursor.execute(sql, params)
           ~~~~~~~~~~~~~~~~~~~^^^^^^^^^^^^^
psycopg2.errors.UniqueViolation: duplicate key value violates unique constraint "assessment_exams_tenant_id_term_id_d4b9a86f_uniq"
DETAIL:  Key (tenant_id, term_id)=(4ed6a600-fd3d-42ba-afa7-3d9307fd3318, 1) already exists.


The above exception was the direct cause of the following exception:

Traceback (most recent call last):
  File "C:\Users\BIG BROTHER\AppData\Local\Python\pythoncore-3.14-64\Lib\site-packages\django\core\handlers\exception.py", line 55, in inner
    response = get_response(request)
  File "C:\Users\BIG BROTHER\AppData\Local\Python\pythoncore-3.14-64\Lib\site-packages\django\core\handlers\base.py", line 197, in _get_response
    response = wrapped_callback(request, *callback_args, **callback_kwargs)
  File "C:\Users\BIG BROTHER\AppData\Local\Python\pythoncore-3.14-64\Lib\site-packages\django\views\decorators\csrf.py", line 65, in _view_wrapper
    return view_func(request, *args, **kwargs)
  File "C:\Users\BIG BROTHER\AppData\Local\Python\pythoncore-3.14-64\Lib\site-packages\rest_framework\viewsets.py", line 124, in view
    return self.dispatch(request, *args, **kwargs)
           ~~~~~~~~~~~~~^^^^^^^^^^^^^^^^^^^^^^^^^^
  File "C:\Users\BIG BROTHER\AppData\Local\Python\pythoncore-3.14-64\Lib\site-packages\rest_framework\views.py", line 509, in dispatch
    response = self.handle_exception(exc)
  File "C:\Users\BIG BROTHER\AppData\Local\Python\pythoncore-3.14-64\Lib\site-packages\rest_framework\views.py", line 469, in handle_exception
    self.raise_uncaught_exception(exc)
    ~~~~~~~~~~~~~~~~~~~~~~~~~~~~~^^^^^
  File "C:\Users\BIG BROTHER\AppData\Local\Python\pythoncore-3.14-64\Lib\site-packages\rest_framework\views.py", line 480, in raise_uncaught_exception
    raise exc
  File "C:\Users\BIG BROTHER\AppData\Local\Python\pythoncore-3.14-64\Lib\site-packages\rest_framework\views.py", line 506, in dispatch
    response = handler(request, *args, **kwargs)
  File "C:\Users\BIG BROTHER\AppData\Local\Python\pythoncore-3.14-64\Lib\site-packages\rest_framework\mixins.py", line 19, in create
    self.perform_create(serializer)
    ~~~~~~~~~~~~~~~~~~~^^^^^^^^^^^^
  File "C:\Users\BIG BROTHER\Desktop\Projects\Personal Projects\School_OS\School_OS\backend\apps\assessments\views.py", line 328, in perform_create
    serializer.save(tenant_id=self.request.tenant_id)
    ~~~~~~~~~~~~~~~^^^^^^^^^^^^^^^^^^^^^^^^^^^^^^^^^^
  File "C:\Users\BIG BROTHER\AppData\Local\Python\pythoncore-3.14-64\Lib\site-packages\rest_framework\serializers.py", line 208, in save
    self.instance = self.create(validated_data)
                    ~~~~~~~~~~~^^^^^^^^^^^^^^^^
  File "C:\Users\BIG BROTHER\AppData\Local\Python\pythoncore-3.14-64\Lib\site-packages\rest_framework\serializers.py", line 989, in create
    instance = ModelClass._default_manager.create(**validated_data)
  File "C:\Users\BIG BROTHER\AppData\Local\Python\pythoncore-3.14-64\Lib\site-packages\django\db\models\manager.py", line 87, in manager_method
    return getattr(self.get_queryset(), name)(*args, **kwargs)
           ~~~~~~~~~~~~~~~~~~~~~~~~~~~~~~~~~~^^^^^^^^^^^^^^^^^
  File "C:\Users\BIG BROTHER\AppData\Local\Python\pythoncore-3.14-64\Lib\site-packages\django\db\models\query.py", line 665, in create
    obj.save(force_insert=True, using=self.db)
    ~~~~~~~~^^^^^^^^^^^^^^^^^^^^^^^^^^^^^^^^^^
  File "C:\Users\BIG BROTHER\AppData\Local\Python\pythoncore-3.14-64\Lib\site-packages\django\db\models\base.py", line 902, in save
    self.save_base(
    ~~~~~~~~~~~~~~^
        using=using,
        ^^^^^^^^^^^^
    ...<2 lines>...
        update_fields=update_fields,
        ^^^^^^^^^^^^^^^^^^^^^^^^^^^^
    )
    ^
  File "C:\Users\BIG BROTHER\AppData\Local\Python\pythoncore-3.14-64\Lib\site-packages\django\db\models\base.py", line 1008, in save_base
    updated = self._save_table(
        raw,
    ...<4 lines>...
        update_fields,
    )
  File "C:\Users\BIG BROTHER\AppData\Local\Python\pythoncore-3.14-64\Lib\site-packages\django\db\models\base.py", line 1169, in _save_table
    results = self._do_insert(
        cls._base_manager, using, fields, returning_fields, raw
    )
  File "C:\Users\BIG BROTHER\AppData\Local\Python\pythoncore-3.14-64\Lib\site-packages\django\db\models\base.py", line 1210, in _do_insert
    return manager._insert(
           ~~~~~~~~~~~~~~~^
        [self],
        ^^^^^^^
    ...<3 lines>...
        raw=raw,
        ^^^^^^^^
    )
    ^
  File "C:\Users\BIG BROTHER\AppData\Local\Python\pythoncore-3.14-64\Lib\site-packages\django\db\models\manager.py", line 87, in manager_method
    return getattr(self.get_queryset(), name)(*args, **kwargs)
           ~~~~~~~~~~~~~~~~~~~~~~~~~~~~~~~~~~^^^^^^^^^^^^^^^^^
  File "C:\Users\BIG BROTHER\AppData\Local\Python\pythoncore-3.14-64\Lib\site-packages\django\db\models\query.py", line 1873, in _insert
    return query.get_compiler(using=using).execute_sql(returning_fields)
           ~~~~~~~~~~~~~~~~~~~~~~~~~~~~~~~~~~~~~~~~~~~^^^^^^^^^^^^^^^^^^
  File "C:\Users\BIG BROTHER\AppData\Local\Python\pythoncore-3.14-64\Lib\site-packages\django\db\models\sql\compiler.py", line 1882, in execute_sql
    cursor.execute(sql, params)
    ~~~~~~~~~~~~~~^^^^^^^^^^^^^
  File "C:\Users\BIG BROTHER\AppData\Local\Python\pythoncore-3.14-64\Lib\site-packages\django\db\backends\utils.py", line 122, in execute
    return super().execute(sql, params)
           ~~~~~~~~~~~~~~~^^^^^^^^^^^^^
  File "C:\Users\BIG BROTHER\AppData\Local\Python\pythoncore-3.14-64\Lib\site-packages\django\db\backends\utils.py", line 79, in execute
    return self._execute_with_wrappers(
           ~~~~~~~~~~~~~~~~~~~~~~~~~~~^
        sql, params, many=False, executor=self._execute
        ^^^^^^^^^^^^^^^^^^^^^^^^^^^^^^^^^^^^^^^^^^^^^^^
    )
    ^
  File "C:\Users\BIG BROTHER\AppData\Local\Python\pythoncore-3.14-64\Lib\site-packages\django\db\backends\utils.py", line 92, in _execute_with_wrappers
    return executor(sql, params, many, context)
  File "C:\Users\BIG BROTHER\AppData\Local\Python\pythoncore-3.14-64\Lib\site-packages\django\db\backends\utils.py", line 100, in _execute
    with self.db.wrap_database_errors:
         ^^^^^^^^^^^^^^^^^^^^^^^^^^^^
  File "C:\Users\BIG BROTHER\AppData\Local\Python\pythoncore-3.14-64\Lib\site-packages\django\db\utils.py", line 91, in __exit__
    raise dj_exc_value.with_traceback(traceback) from exc_value
  File "C:\Users\BIG BROTHER\AppData\Local\Python\pythoncore-3.14-64\Lib\site-packages\django\db\backends\utils.py", line 105, in _execute
    return self.cursor.execute(sql, params)
           ~~~~~~~~~~~~~~~~~~~^^^^^^^^^^^^^
django.db.utils.IntegrityError: duplicate key value violates unique constraint "assessment_exams_tenant_id_term_id_d4b9a86f_uniq"
DETAIL:  Key (tenant_id, term_id)=(4ed6a600-fd3d-42ba-afa7-3d9307fd3318, 1) already exists.

[29/Jul/2026 20:07:57] "POST /api/v1/assessments/exams/ HTTP/1.1" 500 214438
[29/Jul/2026 20:07:57] "GET /api/v1/students/students/?current_class=1 HTTP/1.1" 200 1063
[29/Jul/2026 20:07:57] "OPTIONS /api/v1/assessments/results/?subject=3&class=1&sequence=3 HTTP/1.1" 200 0
C:\Users\BIG BROTHER\AppData\Local\Python\pythoncore-3.14-64\Lib\site-packages\rest_framework\pagination.py:207: UnorderedObjectListWarning: Pagination may yield inconsistent results with an unordered object_list: <class 'apps.assessments.models.ExamResult'> QuerySet.
  paginator = self.django_paginator_class(queryset, page_size)
[29/Jul/2026 20:07:57] "GET /api/v1/assessments/results/?subject=3&class=1&sequence=3 HTTP/1.1" 200 52
[29/Jul/2026 20:07:57] "GET /api/v1/students/students/?current_class=1 HTTP/1.1" 200 1063
[29/Jul/2026 20:07:57] "GET /api/v1/assessments/results/?subject=3&class=1&sequence=3 HTTP/1.1" 200 52
[29/Jul/2026 20:08:05] "OPTIONS /api/v1/assessments/mark-windows/check-status/?sequence=1 HTTP/1.1" 200 0
[29/Jul/2026 20:08:05] "GET /api/v1/assessments/mark-windows/check-status/?sequence=1 HTTP/1.1" 200 112
[29/Jul/2026 20:08:05] "OPTIONS /api/v1/assessments/exams/?sequence=1 HTTP/1.1" 200 0
[29/Jul/2026 20:08:05] "GET /api/v1/students/students/?current_class=1 HTTP/1.1" 200 1063
[29/Jul/2026 20:08:05] "OPTIONS /api/v1/assessments/results/?subject=3&class=1&sequence=1 HTTP/1.1" 200 0
[29/Jul/2026 20:08:05] "GET /api/v1/assessments/results/?subject=3&class=1&sequence=1 HTTP/1.1" 200 52
Internal Server Error: /api/v1/assessments/exams/
Traceback (most recent call last):
  File "C:\Users\BIG BROTHER\AppData\Local\Python\pythoncore-3.14-64\Lib\site-packages\django\core\handlers\exception.py", line 55, in inner
    response = get_response(request)
  File "C:\Users\BIG BROTHER\AppData\Local\Python\pythoncore-3.14-64\Lib\site-packages\django\core\handlers\base.py", line 197, in _get_response
    response = wrapped_callback(request, *callback_args, **callback_kwargs)
  File "C:\Users\BIG BROTHER\AppData\Local\Python\pythoncore-3.14-64\Lib\site-packages\django\views\decorators\csrf.py", line 65, in _view_wrapper
    return view_func(request, *args, **kwargs)
  File "C:\Users\BIG BROTHER\AppData\Local\Python\pythoncore-3.14-64\Lib\site-packages\rest_framework\viewsets.py", line 124, in view
    return self.dispatch(request, *args, **kwargs)
           ~~~~~~~~~~~~~^^^^^^^^^^^^^^^^^^^^^^^^^^
  File "C:\Users\BIG BROTHER\AppData\Local\Python\pythoncore-3.14-64\Lib\site-packages\rest_framework\views.py", line 509, in dispatch
    response = self.handle_exception(exc)
  File "C:\Users\BIG BROTHER\AppData\Local\Python\pythoncore-3.14-64\Lib\site-packages\rest_framework\views.py", line 469, in handle_exception
    self.raise_uncaught_exception(exc)
    ~~~~~~~~~~~~~~~~~~~~~~~~~~~~~^^^^^
  File "C:\Users\BIG BROTHER\AppData\Local\Python\pythoncore-3.14-64\Lib\site-packages\rest_framework\views.py", line 480, in raise_uncaught_exception
    raise exc
  File "C:\Users\BIG BROTHER\AppData\Local\Python\pythoncore-3.14-64\Lib\site-packages\rest_framework\views.py", line 506, in dispatch
    response = handler(request, *args, **kwargs)
  File "C:\Users\BIG BROTHER\Desktop\Projects\Personal Projects\School_OS\School_OS\backend\apps\assessments\views.py", line 359, in list
    response = super().list(request, *args, **kwargs)
  File "C:\Users\BIG BROTHER\AppData\Local\Python\pythoncore-3.14-64\Lib\site-packages\rest_framework\mixins.py", line 43, in list
    return self.get_paginated_response(serializer.data)
                                       ^^^^^^^^^^^^^^^
  File "C:\Users\BIG BROTHER\AppData\Local\Python\pythoncore-3.14-64\Lib\site-packages\rest_framework\serializers.py", line 795, in data
    ret = super().data
          ^^^^^^^^^^^^
  File "C:\Users\BIG BROTHER\AppData\Local\Python\pythoncore-3.14-64\Lib\site-packages\rest_framework\serializers.py", line 249, in data
    self._data = self.to_representation(self.instance)
                 ~~~~~~~~~~~~~~~~~~~~~~^^^^^^^^^^^^^^^
  File "C:\Users\BIG BROTHER\AppData\Local\Python\pythoncore-3.14-64\Lib\site-packages\rest_framework\serializers.py", line 714, in to_representation
    self.child.to_representation(item) for item in iterable
    ~~~~~~~~~~~~~~~~~~~~~~~~~~~~^^^^^^
  File "C:\Users\BIG BROTHER\AppData\Local\Python\pythoncore-3.14-64\Lib\site-packages\rest_framework\serializers.py", line 538, in to_representation
    ret[field.field_name] = field.to_representation(attribute)
                            ~~~~~~~~~~~~~~~~~~~~~~~^^^^^^^^^^^
  File "C:\Users\BIG BROTHER\AppData\Local\Python\pythoncore-3.14-64\Lib\site-packages\rest_framework\fields.py", line 1870, in to_representation
    return method(value)
  File "C:\Users\BIG BROTHER\Desktop\Projects\Personal Projects\School_OS\School_OS\backend\apps\assessments\serializers.py", line 51, in get_sequences_status
    for w in obj.markentrywindow_set.all()
             ^^^^^^^^^^^^^^^^^^^^^^^
AttributeError: 'Exam' object has no attribute 'markentrywindow_set'
[29/Jul/2026 20:08:05] "GET /api/v1/assessments/exams/?sequence=1 HTTP/1.1" 500 145246
Internal Server Error: /api/v1/assessments/exams/
Traceback (most recent call last):
  File "C:\Users\BIG BROTHER\AppData\Local\Python\pythoncore-3.14-64\Lib\site-packages\django\db\backends\utils.py", line 105, in _execute
    return self.cursor.execute(sql, params)
           ~~~~~~~~~~~~~~~~~~~^^^^^^^^^^^^^
psycopg2.errors.UniqueViolation: duplicate key value violates unique constraint "assessment_exams_tenant_id_term_id_d4b9a86f_uniq"
DETAIL:  Key (tenant_id, term_id)=(4ed6a600-fd3d-42ba-afa7-3d9307fd3318, 2) already exists.


The above exception was the direct cause of the following exception:

Traceback (most recent call last):
  File "C:\Users\BIG BROTHER\AppData\Local\Python\pythoncore-3.14-64\Lib\site-packages\django\core\handlers\exception.py", line 55, in inner
    response = get_response(request)
  File "C:\Users\BIG BROTHER\AppData\Local\Python\pythoncore-3.14-64\Lib\site-packages\django\core\handlers\base.py", line 197, in _get_response
    response = wrapped_callback(request, *callback_args, **callback_kwargs)
  File "C:\Users\BIG BROTHER\AppData\Local\Python\pythoncore-3.14-64\Lib\site-packages\django\views\decorators\csrf.py", line 65, in _view_wrapper
    return view_func(request, *args, **kwargs)
  File "C:\Users\BIG BROTHER\AppData\Local\Python\pythoncore-3.14-64\Lib\site-packages\rest_framework\viewsets.py", line 124, in view
    return self.dispatch(request, *args, **kwargs)
           ~~~~~~~~~~~~~^^^^^^^^^^^^^^^^^^^^^^^^^^
  File "C:\Users\BIG BROTHER\AppData\Local\Python\pythoncore-3.14-64\Lib\site-packages\rest_framework\views.py", line 509, in dispatch
    response = self.handle_exception(exc)
  File "C:\Users\BIG BROTHER\AppData\Local\Python\pythoncore-3.14-64\Lib\site-packages\rest_framework\views.py", line 469, in handle_exception
    self.raise_uncaught_exception(exc)
    ~~~~~~~~~~~~~~~~~~~~~~~~~~~~~^^^^^
  File "C:\Users\BIG BROTHER\AppData\Local\Python\pythoncore-3.14-64\Lib\site-packages\rest_framework\views.py", line 480, in raise_uncaught_exception
    raise exc
  File "C:\Users\BIG BROTHER\AppData\Local\Python\pythoncore-3.14-64\Lib\site-packages\rest_framework\views.py", line 506, in dispatch
    response = handler(request, *args, **kwargs)
  File "C:\Users\BIG BROTHER\AppData\Local\Python\pythoncore-3.14-64\Lib\site-packages\rest_framework\mixins.py", line 19, in create
    self.perform_create(serializer)
    ~~~~~~~~~~~~~~~~~~~^^^^^^^^^^^^
  File "C:\Users\BIG BROTHER\Desktop\Projects\Personal Projects\School_OS\School_OS\backend\apps\assessments\views.py", line 328, in perform_create
    serializer.save(tenant_id=self.request.tenant_id)
    ~~~~~~~~~~~~~~~^^^^^^^^^^^^^^^^^^^^^^^^^^^^^^^^^^
  File "C:\Users\BIG BROTHER\AppData\Local\Python\pythoncore-3.14-64\Lib\site-packages\rest_framework\serializers.py", line 208, in save
    self.instance = self.create(validated_data)
                    ~~~~~~~~~~~^^^^^^^^^^^^^^^^
  File "C:\Users\BIG BROTHER\AppData\Local\Python\pythoncore-3.14-64\Lib\site-packages\rest_framework\serializers.py", line 989, in create
    instance = ModelClass._default_manager.create(**validated_data)
  File "C:\Users\BIG BROTHER\AppData\Local\Python\pythoncore-3.14-64\Lib\site-packages\django\db\models\manager.py", line 87, in manager_method
    return getattr(self.get_queryset(), name)(*args, **kwargs)
           ~~~~~~~~~~~~~~~~~~~~~~~~~~~~~~~~~~^^^^^^^^^^^^^^^^^
  File "C:\Users\BIG BROTHER\AppData\Local\Python\pythoncore-3.14-64\Lib\site-packages\django\db\models\query.py", line 665, in create
    obj.save(force_insert=True, using=self.db)
    ~~~~~~~~^^^^^^^^^^^^^^^^^^^^^^^^^^^^^^^^^^
  File "C:\Users\BIG BROTHER\AppData\Local\Python\pythoncore-3.14-64\Lib\site-packages\django\db\models\base.py", line 902, in save
    self.save_base(
    ~~~~~~~~~~~~~~^
        using=using,
        ^^^^^^^^^^^^
    ...<2 lines>...
        update_fields=update_fields,
        ^^^^^^^^^^^^^^^^^^^^^^^^^^^^
    )
    ^
  File "C:\Users\BIG BROTHER\AppData\Local\Python\pythoncore-3.14-64\Lib\site-packages\django\db\models\base.py", line 1008, in save_base
    updated = self._save_table(
        raw,
    ...<4 lines>...
        update_fields,
    )
  File "C:\Users\BIG BROTHER\AppData\Local\Python\pythoncore-3.14-64\Lib\site-packages\django\db\models\base.py", line 1169, in _save_table
    results = self._do_insert(
        cls._base_manager, using, fields, returning_fields, raw
    )
  File "C:\Users\BIG BROTHER\AppData\Local\Python\pythoncore-3.14-64\Lib\site-packages\django\db\models\base.py", line 1210, in _do_insert
    return manager._insert(
           ~~~~~~~~~~~~~~~^
        [self],
        ^^^^^^^
    ...<3 lines>...
        raw=raw,
        ^^^^^^^^
    )
    ^
  File "C:\Users\BIG BROTHER\AppData\Local\Python\pythoncore-3.14-64\Lib\site-packages\django\db\models\manager.py", line 87, in manager_method
    return getattr(self.get_queryset(), name)(*args, **kwargs)
           ~~~~~~~~~~~~~~~~~~~~~~~~~~~~~~~~~~^^^^^^^^^^^^^^^^^
  File "C:\Users\BIG BROTHER\AppData\Local\Python\pythoncore-3.14-64\Lib\site-packages\django\db\models\query.py", line 1873, in _insert
    return query.get_compiler(using=using).execute_sql(returning_fields)
           ~~~~~~~~~~~~~~~~~~~~~~~~~~~~~~~~~~~~~~~~~~~^^^^^^^^^^^^^^^^^^
  File "C:\Users\BIG BROTHER\AppData\Local\Python\pythoncore-3.14-64\Lib\site-packages\django\db\models\sql\compiler.py", line 1882, in execute_sql
    cursor.execute(sql, params)
    ~~~~~~~~~~~~~~^^^^^^^^^^^^^
  File "C:\Users\BIG BROTHER\AppData\Local\Python\pythoncore-3.14-64\Lib\site-packages\django\db\backends\utils.py", line 122, in execute
    return super().execute(sql, params)
           ~~~~~~~~~~~~~~~^^^^^^^^^^^^^
  File "C:\Users\BIG BROTHER\AppData\Local\Python\pythoncore-3.14-64\Lib\site-packages\django\db\backends\utils.py", line 79, in execute
    return self._execute_with_wrappers(
           ~~~~~~~~~~~~~~~~~~~~~~~~~~~^
        sql, params, many=False, executor=self._execute
        ^^^^^^^^^^^^^^^^^^^^^^^^^^^^^^^^^^^^^^^^^^^^^^^
    )
    ^
  File "C:\Users\BIG BROTHER\AppData\Local\Python\pythoncore-3.14-64\Lib\site-packages\django\db\backends\utils.py", line 92, in _execute_with_wrappers
    return executor(sql, params, many, context)
  File "C:\Users\BIG BROTHER\AppData\Local\Python\pythoncore-3.14-64\Lib\site-packages\django\db\backends\utils.py", line 100, in _execute
    with self.db.wrap_database_errors:
         ^^^^^^^^^^^^^^^^^^^^^^^^^^^^
  File "C:\Users\BIG BROTHER\AppData\Local\Python\pythoncore-3.14-64\Lib\site-packages\django\db\utils.py", line 91, in __exit__
    raise dj_exc_value.with_traceback(traceback) from exc_value
  File "C:\Users\BIG BROTHER\AppData\Local\Python\pythoncore-3.14-64\Lib\site-packages\django\db\backends\utils.py", line 105, in _execute
    return self.cursor.execute(sql, params)
           ~~~~~~~~~~~~~~~~~~~^^^^^^^^^^^^^
django.db.utils.IntegrityError: duplicate key value violates unique constraint "assessment_exams_tenant_id_term_id_d4b9a86f_uniq"
DETAIL:  Key (tenant_id, term_id)=(4ed6a600-fd3d-42ba-afa7-3d9307fd3318, 2) already exists.

[29/Jul/2026 20:08:05] "POST /api/v1/assessments/exams/ HTTP/1.1" 500 214438
[29/Jul/2026 20:08:05] "GET /api/v1/students/students/?current_class=1 HTTP/1.1" 200 1063
[29/Jul/2026 20:08:05] "GET /api/v1/assessments/results/?subject=3&class=1&sequence=1 HTTP/1.1" 200 52
[29/Jul/2026 20:08:11] "OPTIONS /api/v1/assessments/mark-windows/check-status/?sequence=4 HTTP/1.1" 200 0
[29/Jul/2026 20:08:11] "GET /api/v1/assessments/mark-windows/check-status/?sequence=4 HTTP/1.1" 200 112
[29/Jul/2026 20:08:11] "OPTIONS /api/v1/assessments/exams/?sequence=4 HTTP/1.1" 200 0
[29/Jul/2026 20:08:11] "GET /api/v1/students/students/?current_class=1 HTTP/1.1" 200 1063
[29/Jul/2026 20:08:11] "OPTIONS /api/v1/assessments/results/?subject=3&class=1&sequence=4 HTTP/1.1" 200 0
[29/Jul/2026 20:08:11] "GET /api/v1/assessments/results/?subject=3&class=1&sequence=4 HTTP/1.1" 200 52
Internal Server Error: /api/v1/assessments/exams/
Traceback (most recent call last):
  File "C:\Users\BIG BROTHER\AppData\Local\Python\pythoncore-3.14-64\Lib\site-packages\django\core\handlers\exception.py", line 55, in inner
    response = get_response(request)
  File "C:\Users\BIG BROTHER\AppData\Local\Python\pythoncore-3.14-64\Lib\site-packages\django\core\handlers\base.py", line 197, in _get_response
    response = wrapped_callback(request, *callback_args, **callback_kwargs)
  File "C:\Users\BIG BROTHER\AppData\Local\Python\pythoncore-3.14-64\Lib\site-packages\django\views\decorators\csrf.py", line 65, in _view_wrapper
    return view_func(request, *args, **kwargs)
  File "C:\Users\BIG BROTHER\AppData\Local\Python\pythoncore-3.14-64\Lib\site-packages\rest_framework\viewsets.py", line 124, in view
    return self.dispatch(request, *args, **kwargs)
           ~~~~~~~~~~~~~^^^^^^^^^^^^^^^^^^^^^^^^^^
  File "C:\Users\BIG BROTHER\AppData\Local\Python\pythoncore-3.14-64\Lib\site-packages\rest_framework\views.py", line 509, in dispatch
    response = self.handle_exception(exc)
  File "C:\Users\BIG BROTHER\AppData\Local\Python\pythoncore-3.14-64\Lib\site-packages\rest_framework\views.py", line 469, in handle_exception
    self.raise_uncaught_exception(exc)
    ~~~~~~~~~~~~~~~~~~~~~~~~~~~~~^^^^^
  File "C:\Users\BIG BROTHER\AppData\Local\Python\pythoncore-3.14-64\Lib\site-packages\rest_framework\views.py", line 480, in raise_uncaught_exception
    raise exc
  File "C:\Users\BIG BROTHER\AppData\Local\Python\pythoncore-3.14-64\Lib\site-packages\rest_framework\views.py", line 506, in dispatch
    response = handler(request, *args, **kwargs)
  File "C:\Users\BIG BROTHER\Desktop\Projects\Personal Projects\School_OS\School_OS\backend\apps\assessments\views.py", line 359, in list
    response = super().list(request, *args, **kwargs)
  File "C:\Users\BIG BROTHER\AppData\Local\Python\pythoncore-3.14-64\Lib\site-packages\rest_framework\mixins.py", line 43, in list
    return self.get_paginated_response(serializer.data)
                                       ^^^^^^^^^^^^^^^
  File "C:\Users\BIG BROTHER\AppData\Local\Python\pythoncore-3.14-64\Lib\site-packages\rest_framework\serializers.py", line 795, in data
    ret = super().data
          ^^^^^^^^^^^^
  File "C:\Users\BIG BROTHER\AppData\Local\Python\pythoncore-3.14-64\Lib\site-packages\rest_framework\serializers.py", line 249, in data
    self._data = self.to_representation(self.instance)
                 ~~~~~~~~~~~~~~~~~~~~~~^^^^^^^^^^^^^^^
  File "C:\Users\BIG BROTHER\AppData\Local\Python\pythoncore-3.14-64\Lib\site-packages\rest_framework\serializers.py", line 714, in to_representation
    self.child.to_representation(item) for item in iterable
    ~~~~~~~~~~~~~~~~~~~~~~~~~~~~^^^^^^
  File "C:\Users\BIG BROTHER\AppData\Local\Python\pythoncore-3.14-64\Lib\site-packages\rest_framework\serializers.py", line 538, in to_representation
    ret[field.field_name] = field.to_representation(attribute)
                            ~~~~~~~~~~~~~~~~~~~~~~~^^^^^^^^^^^
  File "C:\Users\BIG BROTHER\AppData\Local\Python\pythoncore-3.14-64\Lib\site-packages\rest_framework\fields.py", line 1870, in to_representation
    return method(value)
  File "C:\Users\BIG BROTHER\Desktop\Projects\Personal Projects\School_OS\School_OS\backend\apps\assessments\serializers.py", line 51, in get_sequences_status
    for w in obj.markentrywindow_set.all()
             ^^^^^^^^^^^^^^^^^^^^^^^
AttributeError: 'Exam' object has no attribute 'markentrywindow_set'
[29/Jul/2026 20:08:11] "GET /api/v1/assessments/exams/?sequence=4 HTTP/1.1" 500 145246
Internal Server Error: /api/v1/assessments/exams/
Traceback (most recent call last):
  File "C:\Users\BIG BROTHER\AppData\Local\Python\pythoncore-3.14-64\Lib\site-packages\django\db\backends\utils.py", line 105, in _execute
    return self.cursor.execute(sql, params)
           ~~~~~~~~~~~~~~~~~~~^^^^^^^^^^^^^
psycopg2.errors.UniqueViolation: duplicate key value violates unique constraint "assessment_exams_tenant_id_term_id_d4b9a86f_uniq"
DETAIL:  Key (tenant_id, term_id)=(4ed6a600-fd3d-42ba-afa7-3d9307fd3318, 1) already exists.


The above exception was the direct cause of the following exception:

Traceback (most recent call last):
  File "C:\Users\BIG BROTHER\AppData\Local\Python\pythoncore-3.14-64\Lib\site-packages\django\core\handlers\exception.py", line 55, in inner
    response = get_response(request)
  File "C:\Users\BIG BROTHER\AppData\Local\Python\pythoncore-3.14-64\Lib\site-packages\django\core\handlers\base.py", line 197, in _get_response
    response = wrapped_callback(request, *callback_args, **callback_kwargs)
  File "C:\Users\BIG BROTHER\AppData\Local\Python\pythoncore-3.14-64\Lib\site-packages\django\views\decorators\csrf.py", line 65, in _view_wrapper
    return view_func(request, *args, **kwargs)
  File "C:\Users\BIG BROTHER\AppData\Local\Python\pythoncore-3.14-64\Lib\site-packages\rest_framework\viewsets.py", line 124, in view
    return self.dispatch(request, *args, **kwargs)
           ~~~~~~~~~~~~~^^^^^^^^^^^^^^^^^^^^^^^^^^
  File "C:\Users\BIG BROTHER\AppData\Local\Python\pythoncore-3.14-64\Lib\site-packages\rest_framework\views.py", line 509, in dispatch
    response = self.handle_exception(exc)
  File "C:\Users\BIG BROTHER\AppData\Local\Python\pythoncore-3.14-64\Lib\site-packages\rest_framework\views.py", line 469, in handle_exception
    self.raise_uncaught_exception(exc)
    ~~~~~~~~~~~~~~~~~~~~~~~~~~~~~^^^^^
  File "C:\Users\BIG BROTHER\AppData\Local\Python\pythoncore-3.14-64\Lib\site-packages\rest_framework\views.py", line 480, in raise_uncaught_exception
    raise exc
  File "C:\Users\BIG BROTHER\AppData\Local\Python\pythoncore-3.14-64\Lib\site-packages\rest_framework\views.py", line 506, in dispatch
    response = handler(request, *args, **kwargs)
  File "C:\Users\BIG BROTHER\AppData\Local\Python\pythoncore-3.14-64\Lib\site-packages\rest_framework\mixins.py", line 19, in create
    self.perform_create(serializer)
    ~~~~~~~~~~~~~~~~~~~^^^^^^^^^^^^
  File "C:\Users\BIG BROTHER\Desktop\Projects\Personal Projects\School_OS\School_OS\backend\apps\assessments\views.py", line 328, in perform_create
    serializer.save(tenant_id=self.request.tenant_id)
    ~~~~~~~~~~~~~~~^^^^^^^^^^^^^^^^^^^^^^^^^^^^^^^^^^
  File "C:\Users\BIG BROTHER\AppData\Local\Python\pythoncore-3.14-64\Lib\site-packages\rest_framework\serializers.py", line 208, in save
    self.instance = self.create(validated_data)
                    ~~~~~~~~~~~^^^^^^^^^^^^^^^^
  File "C:\Users\BIG BROTHER\AppData\Local\Python\pythoncore-3.14-64\Lib\site-packages\rest_framework\serializers.py", line 989, in create
    instance = ModelClass._default_manager.create(**validated_data)
  File "C:\Users\BIG BROTHER\AppData\Local\Python\pythoncore-3.14-64\Lib\site-packages\django\db\models\manager.py", line 87, in manager_method
    return getattr(self.get_queryset(), name)(*args, **kwargs)
           ~~~~~~~~~~~~~~~~~~~~~~~~~~~~~~~~~~^^^^^^^^^^^^^^^^^
  File "C:\Users\BIG BROTHER\AppData\Local\Python\pythoncore-3.14-64\Lib\site-packages\django\db\models\query.py", line 665, in create
    obj.save(force_insert=True, using=self.db)
    ~~~~~~~~^^^^^^^^^^^^^^^^^^^^^^^^^^^^^^^^^^
  File "C:\Users\BIG BROTHER\AppData\Local\Python\pythoncore-3.14-64\Lib\site-packages\django\db\models\base.py", line 902, in save
    self.save_base(
    ~~~~~~~~~~~~~~^
        using=using,
        ^^^^^^^^^^^^
    ...<2 lines>...
        update_fields=update_fields,
        ^^^^^^^^^^^^^^^^^^^^^^^^^^^^
    )
    ^
  File "C:\Users\BIG BROTHER\AppData\Local\Python\pythoncore-3.14-64\Lib\site-packages\django\db\models\base.py", line 1008, in save_base
    updated = self._save_table(
        raw,
    ...<4 lines>...
        update_fields,
    )
  File "C:\Users\BIG BROTHER\AppData\Local\Python\pythoncore-3.14-64\Lib\site-packages\django\db\models\base.py", line 1169, in _save_table
    results = self._do_insert(
        cls._base_manager, using, fields, returning_fields, raw
    )
  File "C:\Users\BIG BROTHER\AppData\Local\Python\pythoncore-3.14-64\Lib\site-packages\django\db\models\base.py", line 1210, in _do_insert
    return manager._insert(
           ~~~~~~~~~~~~~~~^
        [self],
        ^^^^^^^
    ...<3 lines>...
        raw=raw,
        ^^^^^^^^
    )
    ^
  File "C:\Users\BIG BROTHER\AppData\Local\Python\pythoncore-3.14-64\Lib\site-packages\django\db\models\manager.py", line 87, in manager_method
    return getattr(self.get_queryset(), name)(*args, **kwargs)
           ~~~~~~~~~~~~~~~~~~~~~~~~~~~~~~~~~~^^^^^^^^^^^^^^^^^
  File "C:\Users\BIG BROTHER\AppData\Local\Python\pythoncore-3.14-64\Lib\site-packages\django\db\models\query.py", line 1873, in _insert
    return query.get_compiler(using=using).execute_sql(returning_fields)
           ~~~~~~~~~~~~~~~~~~~~~~~~~~~~~~~~~~~~~~~~~~~^^^^^^^^^^^^^^^^^^
  File "C:\Users\BIG BROTHER\AppData\Local\Python\pythoncore-3.14-64\Lib\site-packages\django\db\models\sql\compiler.py", line 1882, in execute_sql
    cursor.execute(sql, params)
    ~~~~~~~~~~~~~~^^^^^^^^^^^^^
  File "C:\Users\BIG BROTHER\AppData\Local\Python\pythoncore-3.14-64\Lib\site-packages\django\db\backends\utils.py", line 122, in execute
    return super().execute(sql, params)
           ~~~~~~~~~~~~~~~^^^^^^^^^^^^^
  File "C:\Users\BIG BROTHER\AppData\Local\Python\pythoncore-3.14-64\Lib\site-packages\django\db\backends\utils.py", line 79, in execute
    return self._execute_with_wrappers(
           ~~~~~~~~~~~~~~~~~~~~~~~~~~~^
        sql, params, many=False, executor=self._execute
        ^^^^^^^^^^^^^^^^^^^^^^^^^^^^^^^^^^^^^^^^^^^^^^^
    )
    ^
  File "C:\Users\BIG BROTHER\AppData\Local\Python\pythoncore-3.14-64\Lib\site-packages\django\db\backends\utils.py", line 92, in _execute_with_wrappers
    return executor(sql, params, many, context)
  File "C:\Users\BIG BROTHER\AppData\Local\Python\pythoncore-3.14-64\Lib\site-packages\django\db\backends\utils.py", line 100, in _execute
    with self.db.wrap_database_errors:
         ^^^^^^^^^^^^^^^^^^^^^^^^^^^^
  File "C:\Users\BIG BROTHER\AppData\Local\Python\pythoncore-3.14-64\Lib\site-packages\django\db\utils.py", line 91, in __exit__
    raise dj_exc_value.with_traceback(traceback) from exc_value
  File "C:\Users\BIG BROTHER\AppData\Local\Python\pythoncore-3.14-64\Lib\site-packages\django\db\backends\utils.py", line 105, in _execute
    return self.cursor.execute(sql, params)
           ~~~~~~~~~~~~~~~~~~~^^^^^^^^^^^^^
django.db.utils.IntegrityError: duplicate key value violates unique constraint "assessment_exams_tenant_id_term_id_d4b9a86f_uniq"
DETAIL:  Key (tenant_id, term_id)=(4ed6a600-fd3d-42ba-afa7-3d9307fd3318, 1) already exists.

[29/Jul/2026 20:08:11] "POST /api/v1/assessments/exams/ HTTP/1.1" 500 214438
[29/Jul/2026 20:08:11] "GET /api/v1/students/students/?current_class=1 HTTP/1.1" 200 1063
[29/Jul/2026 20:08:11] "GET /api/v1/assessments/results/?subject=3&class=1&sequence=4 HTTP/1.1" 200 52
[29/Jul/2026 20:08:15] "GET /api/v1/assessments/mark-windows/check-status/?sequence=3 HTTP/1.1" 200 91
[29/Jul/2026 20:08:15] "GET /api/v1/students/students/?current_class=1 HTTP/1.1" 200 1063
[29/Jul/2026 20:08:15] "GET /api/v1/assessments/results/?subject=3&class=1&sequence=3 HTTP/1.1" 200 52
Internal Server Error: /api/v1/assessments/exams/
Traceback (most recent call last):
  File "C:\Users\BIG BROTHER\AppData\Local\Python\pythoncore-3.14-64\Lib\site-packages\django\core\handlers\exception.py", line 55, in inner
    response = get_response(request)
  File "C:\Users\BIG BROTHER\AppData\Local\Python\pythoncore-3.14-64\Lib\site-packages\django\core\handlers\base.py", line 197, in _get_response
    response = wrapped_callback(request, *callback_args, **callback_kwargs)
  File "C:\Users\BIG BROTHER\AppData\Local\Python\pythoncore-3.14-64\Lib\site-packages\django\views\decorators\csrf.py", line 65, in _view_wrapper
    return view_func(request, *args, **kwargs)
  File "C:\Users\BIG BROTHER\AppData\Local\Python\pythoncore-3.14-64\Lib\site-packages\rest_framework\viewsets.py", line 124, in view
    return self.dispatch(request, *args, **kwargs)
           ~~~~~~~~~~~~~^^^^^^^^^^^^^^^^^^^^^^^^^^
  File "C:\Users\BIG BROTHER\AppData\Local\Python\pythoncore-3.14-64\Lib\site-packages\rest_framework\views.py", line 509, in dispatch
    response = self.handle_exception(exc)
  File "C:\Users\BIG BROTHER\AppData\Local\Python\pythoncore-3.14-64\Lib\site-packages\rest_framework\views.py", line 469, in handle_exception
    self.raise_uncaught_exception(exc)
    ~~~~~~~~~~~~~~~~~~~~~~~~~~~~~^^^^^
  File "C:\Users\BIG BROTHER\AppData\Local\Python\pythoncore-3.14-64\Lib\site-packages\rest_framework\views.py", line 480, in raise_uncaught_exception
    raise exc
  File "C:\Users\BIG BROTHER\AppData\Local\Python\pythoncore-3.14-64\Lib\site-packages\rest_framework\views.py", line 506, in dispatch
    response = handler(request, *args, **kwargs)
  File "C:\Users\BIG BROTHER\Desktop\Projects\Personal Projects\School_OS\School_OS\backend\apps\assessments\views.py", line 359, in list
    response = super().list(request, *args, **kwargs)
  File "C:\Users\BIG BROTHER\AppData\Local\Python\pythoncore-3.14-64\Lib\site-packages\rest_framework\mixins.py", line 43, in list
    return self.get_paginated_response(serializer.data)
                                       ^^^^^^^^^^^^^^^
  File "C:\Users\BIG BROTHER\AppData\Local\Python\pythoncore-3.14-64\Lib\site-packages\rest_framework\serializers.py", line 795, in data
    ret = super().data
          ^^^^^^^^^^^^
  File "C:\Users\BIG BROTHER\AppData\Local\Python\pythoncore-3.14-64\Lib\site-packages\rest_framework\serializers.py", line 249, in data
    self._data = self.to_representation(self.instance)
                 ~~~~~~~~~~~~~~~~~~~~~~^^^^^^^^^^^^^^^
  File "C:\Users\BIG BROTHER\AppData\Local\Python\pythoncore-3.14-64\Lib\site-packages\rest_framework\serializers.py", line 714, in to_representation
    self.child.to_representation(item) for item in iterable
    ~~~~~~~~~~~~~~~~~~~~~~~~~~~~^^^^^^
  File "C:\Users\BIG BROTHER\AppData\Local\Python\pythoncore-3.14-64\Lib\site-packages\rest_framework\serializers.py", line 538, in to_representation
    ret[field.field_name] = field.to_representation(attribute)
                            ~~~~~~~~~~~~~~~~~~~~~~~^^^^^^^^^^^
  File "C:\Users\BIG BROTHER\AppData\Local\Python\pythoncore-3.14-64\Lib\site-packages\rest_framework\fields.py", line 1870, in to_representation
    return method(value)
  File "C:\Users\BIG BROTHER\Desktop\Projects\Personal Projects\School_OS\School_OS\backend\apps\assessments\serializers.py", line 51, in get_sequences_status
    for w in obj.markentrywindow_set.all()
             ^^^^^^^^^^^^^^^^^^^^^^^
AttributeError: 'Exam' object has no attribute 'markentrywindow_set'
[29/Jul/2026 20:08:15] "GET /api/v1/assessments/exams/?sequence=3 HTTP/1.1" 500 145246
Internal Server Error: /api/v1/assessments/exams/
Traceback (most recent call last):
  File "C:\Users\BIG BROTHER\AppData\Local\Python\pythoncore-3.14-64\Lib\site-packages\django\db\backends\utils.py", line 105, in _execute
    return self.cursor.execute(sql, params)
           ~~~~~~~~~~~~~~~~~~~^^^^^^^^^^^^^
psycopg2.errors.UniqueViolation: duplicate key value violates unique constraint "assessment_exams_tenant_id_term_id_d4b9a86f_uniq"
DETAIL:  Key (tenant_id, term_id)=(4ed6a600-fd3d-42ba-afa7-3d9307fd3318, 1) already exists.


The above exception was the direct cause of the following exception:

Traceback (most recent call last):
  File "C:\Users\BIG BROTHER\AppData\Local\Python\pythoncore-3.14-64\Lib\site-packages\django\core\handlers\exception.py", line 55, in inner
    response = get_response(request)
  File "C:\Users\BIG BROTHER\AppData\Local\Python\pythoncore-3.14-64\Lib\site-packages\django\core\handlers\base.py", line 197, in _get_response
    response = wrapped_callback(request, *callback_args, **callback_kwargs)
  File "C:\Users\BIG BROTHER\AppData\Local\Python\pythoncore-3.14-64\Lib\site-packages\django\views\decorators\csrf.py", line 65, in _view_wrapper
    return view_func(request, *args, **kwargs)
  File "C:\Users\BIG BROTHER\AppData\Local\Python\pythoncore-3.14-64\Lib\site-packages\rest_framework\viewsets.py", line 124, in view
    return self.dispatch(request, *args, **kwargs)
           ~~~~~~~~~~~~~^^^^^^^^^^^^^^^^^^^^^^^^^^
  File "C:\Users\BIG BROTHER\AppData\Local\Python\pythoncore-3.14-64\Lib\site-packages\rest_framework\views.py", line 509, in dispatch
    response = self.handle_exception(exc)
  File "C:\Users\BIG BROTHER\AppData\Local\Python\pythoncore-3.14-64\Lib\site-packages\rest_framework\views.py", line 469, in handle_exception
    self.raise_uncaught_exception(exc)
    ~~~~~~~~~~~~~~~~~~~~~~~~~~~~~^^^^^
  File "C:\Users\BIG BROTHER\AppData\Local\Python\pythoncore-3.14-64\Lib\site-packages\rest_framework\views.py", line 480, in raise_uncaught_exception
    raise exc
  File "C:\Users\BIG BROTHER\AppData\Local\Python\pythoncore-3.14-64\Lib\site-packages\rest_framework\views.py", line 506, in dispatch
    response = handler(request, *args, **kwargs)
  File "C:\Users\BIG BROTHER\AppData\Local\Python\pythoncore-3.14-64\Lib\site-packages\rest_framework\mixins.py", line 19, in create
    self.perform_create(serializer)
    ~~~~~~~~~~~~~~~~~~~^^^^^^^^^^^^
  File "C:\Users\BIG BROTHER\Desktop\Projects\Personal Projects\School_OS\School_OS\backend\apps\assessments\views.py", line 328, in perform_create
    serializer.save(tenant_id=self.request.tenant_id)
    ~~~~~~~~~~~~~~~^^^^^^^^^^^^^^^^^^^^^^^^^^^^^^^^^^
  File "C:\Users\BIG BROTHER\AppData\Local\Python\pythoncore-3.14-64\Lib\site-packages\rest_framework\serializers.py", line 208, in save
    self.instance = self.create(validated_data)
                    ~~~~~~~~~~~^^^^^^^^^^^^^^^^
  File "C:\Users\BIG BROTHER\AppData\Local\Python\pythoncore-3.14-64\Lib\site-packages\rest_framework\serializers.py", line 989, in create
    instance = ModelClass._default_manager.create(**validated_data)
  File "C:\Users\BIG BROTHER\AppData\Local\Python\pythoncore-3.14-64\Lib\site-packages\django\db\models\manager.py", line 87, in manager_method
    return getattr(self.get_queryset(), name)(*args, **kwargs)
           ~~~~~~~~~~~~~~~~~~~~~~~~~~~~~~~~~~^^^^^^^^^^^^^^^^^
  File "C:\Users\BIG BROTHER\AppData\Local\Python\pythoncore-3.14-64\Lib\site-packages\django\db\models\query.py", line 665, in create
    obj.save(force_insert=True, using=self.db)
    ~~~~~~~~^^^^^^^^^^^^^^^^^^^^^^^^^^^^^^^^^^
  File "C:\Users\BIG BROTHER\AppData\Local\Python\pythoncore-3.14-64\Lib\site-packages\django\db\models\base.py", line 902, in save
    self.save_base(
    ~~~~~~~~~~~~~~^
        using=using,
        ^^^^^^^^^^^^
    ...<2 lines>...
        update_fields=update_fields,
        ^^^^^^^^^^^^^^^^^^^^^^^^^^^^
    )
    ^
  File "C:\Users\BIG BROTHER\AppData\Local\Python\pythoncore-3.14-64\Lib\site-packages\django\db\models\base.py", line 1008, in save_base
    updated = self._save_table(
        raw,
    ...<4 lines>...
        update_fields,
    )
  File "C:\Users\BIG BROTHER\AppData\Local\Python\pythoncore-3.14-64\Lib\site-packages\django\db\models\base.py", line 1169, in _save_table
    results = self._do_insert(
        cls._base_manager, using, fields, returning_fields, raw
    )
  File "C:\Users\BIG BROTHER\AppData\Local\Python\pythoncore-3.14-64\Lib\site-packages\django\db\models\base.py", line 1210, in _do_insert
    return manager._insert(
           ~~~~~~~~~~~~~~~^
        [self],
        ^^^^^^^
    ...<3 lines>...
        raw=raw,
        ^^^^^^^^
    )
    ^
  File "C:\Users\BIG BROTHER\AppData\Local\Python\pythoncore-3.14-64\Lib\site-packages\django\db\models\manager.py", line 87, in manager_method
    return getattr(self.get_queryset(), name)(*args, **kwargs)
           ~~~~~~~~~~~~~~~~~~~~~~~~~~~~~~~~~~^^^^^^^^^^^^^^^^^
  File "C:\Users\BIG BROTHER\AppData\Local\Python\pythoncore-3.14-64\Lib\site-packages\django\db\models\query.py", line 1873, in _insert
    return query.get_compiler(using=using).execute_sql(returning_fields)
           ~~~~~~~~~~~~~~~~~~~~~~~~~~~~~~~~~~~~~~~~~~~^^^^^^^^^^^^^^^^^^
  File "C:\Users\BIG BROTHER\AppData\Local\Python\pythoncore-3.14-64\Lib\site-packages\django\db\models\sql\compiler.py", line 1882, in execute_sql
    cursor.execute(sql, params)
    ~~~~~~~~~~~~~~^^^^^^^^^^^^^
  File "C:\Users\BIG BROTHER\AppData\Local\Python\pythoncore-3.14-64\Lib\site-packages\django\db\backends\utils.py", line 122, in execute
    return super().execute(sql, params)
           ~~~~~~~~~~~~~~~^^^^^^^^^^^^^
  File "C:\Users\BIG BROTHER\AppData\Local\Python\pythoncore-3.14-64\Lib\site-packages\django\db\backends\utils.py", line 79, in execute
    return self._execute_with_wrappers(
           ~~~~~~~~~~~~~~~~~~~~~~~~~~~^
        sql, params, many=False, executor=self._execute
        ^^^^^^^^^^^^^^^^^^^^^^^^^^^^^^^^^^^^^^^^^^^^^^^
    )
    ^
  File "C:\Users\BIG BROTHER\AppData\Local\Python\pythoncore-3.14-64\Lib\site-packages\django\db\backends\utils.py", line 92, in _execute_with_wrappers
    return executor(sql, params, many, context)
  File "C:\Users\BIG BROTHER\AppData\Local\Python\pythoncore-3.14-64\Lib\site-packages\django\db\backends\utils.py", line 100, in _execute
    with self.db.wrap_database_errors:
         ^^^^^^^^^^^^^^^^^^^^^^^^^^^^
  File "C:\Users\BIG BROTHER\AppData\Local\Python\pythoncore-3.14-64\Lib\site-packages\django\db\utils.py", line 91, in __exit__
    raise dj_exc_value.with_traceback(traceback) from exc_value
  File "C:\Users\BIG BROTHER\AppData\Local\Python\pythoncore-3.14-64\Lib\site-packages\django\db\backends\utils.py", line 105, in _execute
    return self.cursor.execute(sql, params)
           ~~~~~~~~~~~~~~~~~~~^^^^^^^^^^^^^
django.db.utils.IntegrityError: duplicate key value violates unique constraint "assessment_exams_tenant_id_term_id_d4b9a86f_uniq"
DETAIL:  Key (tenant_id, term_id)=(4ed6a600-fd3d-42ba-afa7-3d9307fd3318, 1) already exists.

[29/Jul/2026 20:08:15] "POST /api/v1/assessments/exams/ HTTP/1.1" 500 214438
[29/Jul/2026 20:08:15] "GET /api/v1/students/students/?current_class=1 HTTP/1.1" 200 1063
[29/Jul/2026 20:08:15] "GET /api/v1/assessments/results/?subject=3&class=1&sequence=3 HTTP/1.1" 200 52
Not Found: /api/v1/academic/report-cards/
[29/Jul/2026 20:08:23] "GET /api/v1/notifications/messages/?ordering=-created_at&limit=10 HTTP/1.1" 200 52
[29/Jul/2026 20:08:23] "GET /api/v1/academic/report-cards/ HTTP/1.1" 404 29021
[29/Jul/2026 20:08:23] "GET /api/v1/notifications/announcements/?published=true&ordering=-created_at&limit=10 HTTP/1.1" 200 7531
[29/Jul/2026 20:08:23] "GET /api/v1/academic/classes/ HTTP/1.1" 200 1221
[29/Jul/2026 20:08:23] "GET /api/v1/staff/teachers/ HTTP/1.1" 200 4284
[29/Jul/2026 20:08:23] "GET /api/v1/finance/summary/ HTTP/1.1" 200 175
[29/Jul/2026 20:08:23] "GET /api/v1/attendance/sessions/dashboard-stats/ HTTP/1.1" 200 93
[29/Jul/2026 20:08:23] "GET /api/v1/audit/logs/ HTTP/1.1" 200 13029
Not Found: /api/v1/academic/report-cards/
[29/Jul/2026 20:08:23] "GET /api/v1/notifications/messages/?ordering=-created_at&limit=10 HTTP/1.1" 200 52
[29/Jul/2026 20:08:23] "GET /api/v1/academic/report-cards/ HTTP/1.1" 404 29021
[29/Jul/2026 20:08:23] "GET /api/v1/students/students/ HTTP/1.1" 200 1573
[29/Jul/2026 20:08:23] "GET /api/v1/notifications/announcements/?published=true&ordering=-created_at&limit=10 HTTP/1.1" 200 7531
[29/Jul/2026 20:08:23] "GET /api/v1/academic/classes/ HTTP/1.1" 200 1221
[29/Jul/2026 20:08:23] "GET /api/v1/audit/logs/ HTTP/1.1" 200 13029
[29/Jul/2026 20:08:23] "GET /api/v1/finance/summary/ HTTP/1.1" 200 175
[29/Jul/2026 20:08:23] "GET /api/v1/attendance/sessions/dashboard-stats/ HTTP/1.1" 200 93
[29/Jul/2026 20:08:23] "GET /api/v1/staff/teachers/ HTTP/1.1" 200 4284
[29/Jul/2026 20:08:23] "GET /api/v1/students/students/ HTTP/1.1" 200 1573
[29/Jul/2026 20:08:26] "GET /api/v1/staff/teachers/ HTTP/1.1" 200 4284
[29/Jul/2026 20:08:26] "GET /api/v1/staff/teachers/ HTTP/1.1" 200 4284
[29/Jul/2026 20:08:38] "GET /api/v1/academic/academic-years/ HTTP/1.1" 200 1243
[29/Jul/2026 20:08:38] "GET /api/v1/academic/subjects/ HTTP/1.1" 200 1808
[29/Jul/2026 20:08:38] "GET /api/v1/academic/classes/ HTTP/1.1" 200 1221
[29/Jul/2026 20:08:38] "GET /api/v1/academic/academic-years/ HTTP/1.1" 200 1243
[29/Jul/2026 20:08:38] "GET /api/v1/academic/subjects/ HTTP/1.1" 200 1808
[29/Jul/2026 20:08:38] "GET /api/v1/academic/classes/ HTTP/1.1" 200 1221
[29/Jul/2026 20:09:01] "OPTIONS /api/v1/staff/assignments/ HTTP/1.1" 200 0
Bad Request: /api/v1/staff/assignments/
[29/Jul/2026 20:09:01] "POST /api/v1/staff/assignments/ HTTP/1.1" 400 38
Bad Request: /api/v1/staff/assignments/
[29/Jul/2026 20:09:09] "POST /api/v1/staff/assignments/ HTTP/1.1" 400 38
[29/Jul/2026 20:09:17] "GET /api/v1/academic/academic-years/ HTTP/1.1" 200 1243
[29/Jul/2026 20:09:17] "GET /api/v1/academic/subjects/ HTTP/1.1" 200 1808
[29/Jul/2026 20:09:17] "GET /api/v1/academic/classes/ HTTP/1.1" 200 1221
[29/Jul/2026 20:09:17] "GET /api/v1/academic/academic-years/ HTTP/1.1" 200 1243
[29/Jul/2026 20:09:17] "GET /api/v1/academic/subjects/ HTTP/1.1" 200 1808
[29/Jul/2026 20:09:17] "GET /api/v1/academic/classes/ HTTP/1.1" 200 1221
[29/Jul/2026 20:15:30] "OPTIONS /api/v1/academic/classes/ HTTP/1.1" 200 0
[29/Jul/2026 20:15:30] "OPTIONS /api/v1/academic/subjects/ HTTP/1.1" 200 0
[29/Jul/2026 20:15:30] "OPTIONS /api/v1/academic/academic-years/ HTTP/1.1" 200 0
[29/Jul/2026 20:15:30] "OPTIONS /api/v1/academic/classes/ HTTP/1.1" 200 0
[29/Jul/2026 20:15:30] "OPTIONS /api/v1/academic/subjects/ HTTP/1.1" 200 0
[29/Jul/2026 20:15:30] "OPTIONS /api/v1/academic/academic-years/ HTTP/1.1" 200 0
[29/Jul/2026 20:15:30] "GET /api/v1/academic/academic-years/ HTTP/1.1" 200 1243
[29/Jul/2026 20:15:30] "GET /api/v1/academic/subjects/ HTTP/1.1" 200 1808
[29/Jul/2026 20:15:30] "GET /api/v1/academic/classes/ HTTP/1.1" 200 1221
[29/Jul/2026 20:15:30] "GET /api/v1/academic/academic-years/ HTTP/1.1" 200 1243
[29/Jul/2026 20:15:30] "GET /api/v1/academic/subjects/ HTTP/1.1" 200 1808
[29/Jul/2026 20:15:30] "GET /api/v1/academic/classes/ HTTP/1.1" 200 1221
Bad Request: /api/v1/staff/assignments/
[29/Jul/2026 20:15:53] "POST /api/v1/staff/assignments/ HTTP/1.1" 400 38
Bad Request: /api/v1/auth/confirm-kill-login/
[29/Jul/2026 20:20:41] "POST /api/v1/auth/confirm-kill-login/ HTTP/1.1" 400 44
[29/Jul/2026 20:24:56] "OPTIONS /api/v1/notifications/announcements/?published=true&ordering=-created_at&limit=10 HTTP/1.1" 200 0
[29/Jul/2026 20:24:56] "OPTIONS /api/v1/notifications/messages/?ordering=-created_at&limit=10 HTTP/1.1" 200 0
[29/Jul/2026 20:24:56] "OPTIONS /api/v1/auth/me/ HTTP/1.1" 200 0
[29/Jul/2026 20:24:56] "OPTIONS /api/v1/notifications/announcements/?published=true&ordering=-created_at&limit=10 HTTP/1.1" 200 0
[29/Jul/2026 20:24:57] "OPTIONS /api/v1/notifications/messages/?ordering=-created_at&limit=10 HTTP/1.1" 200 0
[29/Jul/2026 20:24:57] "OPTIONS /api/v1/auth/me/ HTTP/1.1" 200 0
[29/Jul/2026 20:24:57] "GET /api/v1/notifications/announcements/?published=true&ordering=-created_at&limit=10 HTTP/1.1" 200 7531
[29/Jul/2026 20:24:57] "GET /api/v1/staff/teachers/ HTTP/1.1" 200 4284
[29/Jul/2026 20:24:57] "GET /api/v1/auth/me/ HTTP/1.1" 200 644
[29/Jul/2026 20:24:57] "GET /api/v1/auth/me/ HTTP/1.1" 200 644
[29/Jul/2026 20:24:57] "GET /api/v1/notifications/messages/?ordering=-created_at&limit=10 HTTP/1.1" 200 52
[29/Jul/2026 20:24:57] "GET /api/v1/notifications/announcements/?published=true&ordering=-created_at&limit=10 HTTP/1.1" 200 7531
[29/Jul/2026 20:24:57] "GET /api/v1/staff/teachers/ HTTP/1.1" 200 4284
[29/Jul/2026 20:24:57] "GET /api/v1/notifications/messages/?ordering=-created_at&limit=10 HTTP/1.1" 200 52
[29/Jul/2026 20:25:01] "GET /api/v1/academic/academic-years/ HTTP/1.1" 200 1243
[29/Jul/2026 20:25:01] "GET /api/v1/academic/subjects/ HTTP/1.1" 200 1808
[29/Jul/2026 20:25:01] "GET /api/v1/academic/classes/ HTTP/1.1" 200 1221
[29/Jul/2026 20:25:01] "GET /api/v1/academic/academic-years/ HTTP/1.1" 200 1243
[29/Jul/2026 20:25:01] "GET /api/v1/academic/subjects/ HTTP/1.1" 200 1808
[29/Jul/2026 20:25:01] "GET /api/v1/academic/classes/ HTTP/1.1" 200 1221
Bad Request: /api/v1/staff/assignments/
[29/Jul/2026 20:25:14] "POST /api/v1/staff/assignments/ HTTP/1.1" 400 38
C:\Users\BIG BROTHER\Desktop\Projects\Personal Projects\School_OS\School_OS\backend\apps\staff\serializers.py changed, reloading.
Watching for file changes with StatReloader
C:\Users\BIG BROTHER\Desktop\Projects\Personal Projects\School_OS\School_OS\backend\apps\staff\serializers.py changed, reloading.
Watching for file changes with StatReloader
Exception in thread django-main-thread:
Traceback (most recent call last):
  File "C:\Users\BIG BROTHER\AppData\Local\Python\pythoncore-3.14-64\Lib\threading.py", line 1082, in _bootstrap_inner
    self._context.run(self.run)
    ~~~~~~~~~~~~~~~~~^^^^^^^^^^
  File "C:\Users\BIG BROTHER\AppData\Local\Python\pythoncore-3.14-64\Lib\threading.py", line 1024, in run
    self._target(*self._args, **self._kwargs)
    ~~~~~~~~~~~~^^^^^^^^^^^^^^^^^^^^^^^^^^^^^
  File "C:\Users\BIG BROTHER\AppData\Local\Python\pythoncore-3.14-64\Lib\site-packages\django\utils\autoreload.py", line 64, in wrapper
    fn(*args, **kwargs)
    ~~^^^^^^^^^^^^^^^^^
  File "C:\Users\BIG BROTHER\AppData\Local\Python\pythoncore-3.14-64\Lib\site-packages\django\core\management\commands\runserver.py", line 134, in inner_run
    self.check(**check_kwargs)
    ~~~~~~~~~~^^^^^^^^^^^^^^^^
  File "C:\Users\BIG BROTHER\AppData\Local\Python\pythoncore-3.14-64\Lib\site-packages\django\core\management\base.py", line 496, in check
    all_issues = checks.run_checks(
        app_configs=app_configs,
    ...<2 lines>...
        databases=databases,
    )
  File "C:\Users\BIG BROTHER\AppData\Local\Python\pythoncore-3.14-64\Lib\site-packages\django\core\checks\registry.py", line 89, in run_checks
    new_errors = check(app_configs=app_configs, databases=databases)
  File "C:\Users\BIG BROTHER\AppData\Local\Python\pythoncore-3.14-64\Lib\site-packages\django\core\checks\urls.py", line 16, in check_url_config
    return check_resolver(resolver)
  File "C:\Users\BIG BROTHER\AppData\Local\Python\pythoncore-3.14-64\Lib\site-packages\django\core\checks\urls.py", line 26, in check_resolver
    return check_method()
  File "C:\Users\BIG BROTHER\AppData\Local\Python\pythoncore-3.14-64\Lib\site-packages\django\urls\resolvers.py", line 531, in check
    for pattern in self.url_patterns:
                   ^^^^^^^^^^^^^^^^^
  File "C:\Users\BIG BROTHER\AppData\Local\Python\pythoncore-3.14-64\Lib\site-packages\django\utils\functional.py", line 47, in __get__
    res = instance.__dict__[self.name] = self.func(instance)
                                         ~~~~~~~~~^^^^^^^^^^
  File "C:\Users\BIG BROTHER\AppData\Local\Python\pythoncore-3.14-64\Lib\site-packages\django\urls\resolvers.py", line 718, in url_patterns
    patterns = getattr(self.urlconf_module, "urlpatterns", self.urlconf_module)
                       ^^^^^^^^^^^^^^^^^^^
  File "C:\Users\BIG BROTHER\AppData\Local\Python\pythoncore-3.14-64\Lib\site-packages\django\utils\functional.py", line 47, in __get__
    res = instance.__dict__[self.name] = self.func(instance)
                                         ~~~~~~~~~^^^^^^^^^^
  File "C:\Users\BIG BROTHER\AppData\Local\Python\pythoncore-3.14-64\Lib\site-packages\django\urls\resolvers.py", line 711, in urlconf_module
    return import_module(self.urlconf_name)
  File "C:\Users\BIG BROTHER\AppData\Local\Python\pythoncore-3.14-64\Lib\importlib\__init__.py", line 88, in import_module
    return _bootstrap._gcd_import(name[level:], package, level)
           ~~~~~~~~~~~~~~~~~~~~~~^^^^^^^^^^^^^^^^^^^^^^^^^^^^^^
  File "<frozen importlib._bootstrap>", line 1398, in _gcd_import
  File "<frozen importlib._bootstrap>", line 1371, in _find_and_load
  File "<frozen importlib._bootstrap>", line 1342, in _find_and_load_unlocked
  File "<frozen importlib._bootstrap>", line 938, in _load_unlocked
  File "<frozen importlib._bootstrap_external>", line 759, in exec_module
  File "<frozen importlib._bootstrap>", line 491, in _call_with_frames_removed
  File "C:\Users\BIG BROTHER\Desktop\Projects\Personal Projects\School_OS\School_OS\backend\config\urls.py", line 42, in <module>
    path('api/v1/staff/', include('apps.staff.urls')),
                          ~~~~~~~^^^^^^^^^^^^^^^^^^^
  File "C:\Users\BIG BROTHER\AppData\Local\Python\pythoncore-3.14-64\Lib\site-packages\django\urls\conf.py", line 39, in include
    urlconf_module = import_module(urlconf_module)
  File "C:\Users\BIG BROTHER\AppData\Local\Python\pythoncore-3.14-64\Lib\importlib\__init__.py", line 88, in import_module
    return _bootstrap._gcd_import(name[level:], package, level)
           ~~~~~~~~~~~~~~~~~~~~~~^^^^^^^^^^^^^^^^^^^^^^^^^^^^^^
  File "<frozen importlib._bootstrap>", line 1398, in _gcd_import
  File "<frozen importlib._bootstrap>", line 1371, in _find_and_load
  File "<frozen importlib._bootstrap>", line 1342, in _find_and_load_unlocked
  File "<frozen importlib._bootstrap>", line 938, in _load_unlocked
  File "<frozen importlib._bootstrap_external>", line 759, in exec_module
  File "<frozen importlib._bootstrap>", line 491, in _call_with_frames_removed
  File "C:\Users\BIG BROTHER\Desktop\Projects\Personal Projects\School_OS\School_OS\backend\apps\staff\urls.py", line 3, in <module>
    from apps.staff.views import TeacherViewSet, TeachingAssignmentViewSet, LeaveRequestViewSet, PerformanceReviewViewSet, onboard_bursar
  File "C:\Users\BIG BROTHER\Desktop\Projects\Personal Projects\School_OS\School_OS\backend\apps\staff\views.py", line 18, in <module>
    from apps.staff.serializers import (
    ...<2 lines>...
    )
  File "C:\Users\BIG BROTHER\Desktop\Projects\Personal Projects\School_OS\School_OS\backend\apps\staff\serializers.py", line 9, in <module>
    class TeachingAssignmentSerializer(serializers.ModelSerializer):
    ...<22 lines>...
            }
  File "C:\Users\BIG BROTHER\Desktop\Projects\Personal Projects\School_OS\School_OS\backend\apps\staff\serializers.py", line 16, in TeachingAssignmentSerializer
    queryset=Series.objects.all(), required=False, allow_null=True, default=None
             ^^^^^^
NameError: name 'Series' is not defined
C:\Users\BIG BROTHER\Desktop\Projects\Personal Projects\School_OS\School_OS\backend\apps\staff\serializers.py changed, reloading.
Watching for file changes with StatReloader
